Paradigm,Order,Class,Lemma,Stem,Subject,Object,Mode,Negation,Form1Surface,Form1Split,Form1Source
VAI,Ind,VAI_n,abashkwebiigininjiishin,abashkwebiigininjiishin,1Sg,NA,Neu,Pos,indabashkwebiigininjiishin,
VAI,Ind,VAI_n,abashkwebiigininjiishin,abashkwebiigininjiishin,1Sg,NA,Neu,Pos,nindabashkwebiigininjiishin,
VAI,Ind,VAI_n,abashkwebiigininjiishin,abashkwebiigininjiishin,1Sg,NA,Neu,Pos,nidabashkwebiigininjiishin,
VAI,Cnj,VAI_n,abashkwebiigininjiishin,abashkwebiigininjiishin,3Sg,NA,Neu,Pos,abashkwebiigininjiishing,
VAI,?,VAI_n,abashkwebiigininjiishin,abashkwebiigininjiishin,3Sg,NA,Neu,Pos,ebashkwebiigininjiishing,
VAI,Ind,VAI_V,abashkwebiigizi,abashkwebiigizi,1Sg,NA,Neu,Pos,indabashkwebiigiz,
VAI,Ind,VAI_V,abashkwebiigizi,abashkwebiigizi,1Sg,NA,Neu,Pos,nindabashkwebiigiz,
VAI,Ind,VAI_V,abashkwebiigizi,abashkwebiigizi,1Sg,NA,Neu,Pos,nidabashkwebiigiz,
VAI,Cnj,VAI_V,abashkwebiigizi,abashkwebiigizi,3Sg,NA,Neu,Pos,abashkwebiigizid,
VAI,?,VAI_V,abashkwebiigizi,abashkwebiigizi,3Sg,NA,Neu,Pos,ebashkwebiigizid,
VAI,Ind,VAI_n,abashkwebiigizideshin,abashkwebiigizideshin,1Sg,NA,Neu,Pos,indabashkwebiigizideshin,
VAI,Ind,VAI_n,abashkwebiigizideshin,abashkwebiigizideshin,1Sg,NA,Neu,Pos,nindabashkwebiigizideshin,
VAI,Ind,VAI_n,abashkwebiigizideshin,abashkwebiigizideshin,1Sg,NA,Neu,Pos,nidabashkwebiigizideshin,
VAI,Cnj,VAI_n,abashkwebiigizideshin,abashkwebiigizideshin,3Sg,NA,Neu,Pos,abashkwebiigizideshing,
VAI,?,VAI_n,abashkwebiigizideshin,abashkwebiigizideshin,3Sg,NA,Neu,Pos,ebashkwebiigizideshing,
VTA,Ind,VTA_Cw,abaabas,abaabasw,1Sg,3Sg,Neu,Pos,indabaabaswaa,
VTA,Ind,VTA_Cw,abaabas,abaabasw,1Sg,3Sg,Neu,Pos,nindabaabaswaa,
VTA,Ind,VTA_Cw,abaabas,abaabasw,1Sg,3Sg,Neu,Pos,nidabaabaswaa,
VTA,Ind,VTA_Cw,abaabas,abaabasw,3Sg,1Sg,Neu,Pos,indabaabasog,
VTA,Ind,VTA_Cw,abaabas,abaabasw,3Sg,3SgObv,Neu,Pos,odabaabaswaan,
VTA,Cnj,VTA_Cw,abaabas,abaabasw,3Sg,3SgObv,Neu,Pos,abaabaswaad,
VTA,?,VTA_Cw,abaabas,abaabasw,3Sg,3SgObv,Neu,Pos,ebaabaswaad,
VTA,Imp,VTA_Cw,abaabas,abaabasw,2Sg,3,Neu,Pos,abaabas,
VTA,Imp,VTA_Cw,abaabas,abaabasw,2Sg,3,Neu,Pos,abaabaswi,
VTI,Ind,VTI_am,abaabasan,abaabas,1Sg,0Sg,Neu,Pos,indabaabasaan,
VTI,Ind,VTI_am,abaabasan,abaabas,1Sg,0Sg,Neu,Pos,nindabaabasaan,
VTI,Ind,VTI_am,abaabasan,abaabas,1Sg,0Sg,Neu,Pos,nidabaabasaan,
VTI,Ind,VTI_am,abaabasan,abaabas,3Sg,0Sg,Neu,Pos,odabaabasaan,
VTI,Cnj,VTI_am,abaabasan,abaabas,3Sg,0,Neu,Pos,abaabasang,
VTI,?,VTI_am,abaabasan,abaabas,3Sg,0,Neu,Pos,ebaabasang,
VTI,Imp,VTI_am,abaabasan,abaabas,2Sg,0,Neu,Pos,abaabasan,
VAI,Ind,VAI_V,abaabasige,abaabasige,1Sg,NA,Neu,Pos,indabaabasige,
VAI,Ind,VAI_V,abaabasige,abaabasige,3Sg,NA,Neu,Pos,abaabasige,
VAI,Cnj,VAI_V,abaabasige,abaabasige,3Sg,NA,Neu,Pos,abaabasiged,
VAI,?,VAI_V,abaabasige,abaabasige,3Sg,NA,Neu,Pos,ebaabasiged,
VAI,Ind,VAI_V,abaabaso,abaabaso,1Sg,NA,Neu,Pos,indabaabas,
VAI,Ind,VAI_V,abaabaso,abaabaso,1Sg,NA,Neu,Pos,nindabaabas,
VAI,Ind,VAI_V,abaabaso,abaabaso,1Sg,NA,Neu,Pos,nidabaabas,
VAI,Ind,VAI_V,abaabaso,abaabaso,3Sg,NA,Neu,Pos,abaabaso,
VAI,Cnj,VAI_V,abaabaso,abaabaso,3Sg,NA,Neu,Pos,abaabasod,
VAI,?,VAI_V,abaabaso,abaabaso,3Sg,NA,Neu,Pos,ebaabasod,
VTI,Ind,VTI_am,abaabikizan,abaabikiz,1Sg,0Sg,Neu,Pos,nindabaabikizaan,
VTI,Ind,VTI_am,abaabikizan,abaabikiz,3Sg,0Sg,Neu,Pos,odabaabikizaan,
VTI,Cnj,VTI_am,abaabikizan,abaabikiz,3Sg,0,Neu,Pos,abaabikizang,
VTI,?,VTI_am,abaabikizan,abaabikiz,3Sg,0,Neu,Pos,ebaabikizang,
VTI,Imp,VTI_am,abaabikizan,abaabikiz,2Sg,0,Neu,Pos,abaabikzan,
VTA,Ind,VTA_Cw,abaabikizwi,abaakizw,1Sg,3Sg,Neu,Pos,nindabaabikizwaa,
VTA,Ind,VTA_Cw,abaabikizwi,abaakizw,3Sg,3SgObv,Neu,Pos,odabaakizwaan,
VTA,Cnj,VTA_Cw,abaabikizwi,abaakizw,3Sg,3SgObv,Neu,Pos,abaakizwaad,
VTA,?,VTA_Cw,abaabikizwi,abaakizw,3Sg,3SgObv,Neu,Pos,ebaakizwaad,
VTA,Imp,VTA_Cw,abaabikizwi,abaakizw,2Sg,3,Neu,Pos,abaakizwi,
VII,Ind,VII_V,abaagamide,abaagamide,0Sg,NA,Neu,Pos,abaagamide,
VII,Cnj,VII_V,abaagamide,abaagamide,0Sg,NA,Neu,Pos,abaagamideg,
VII,?,VII_V,abaagamide,abaagamide,0Sg,NA,Neu,Pos,ebaagamideg,
VII,Ind,VII_V,abaagamide,abaagamide,0Sg,NA,Neu,Pos,abaagamidemagad,
VTA,Ind,VTA_aw,abaagamizamaw,abaagamizamaw,1Sg,3Sg,Neu,Pos,nindabaagamizamawaa,
VTA,Ind,VTA_aw,abaagamizamaw,abaagamizamaw,3Sg,3SgObv,Neu,Pos,odabaagamizamawaan,
VTA,Cnj,VTA_aw,abaagamizamaw,abaagamizamaw,3Sg,3SgObv,Neu,Pos,abaagamizamawaad,
VTA,?,VTA_aw,abaagamizamaw,abaagamizamaw,3Sg,3SgObv,Neu,Pos,ebaagamizamawaad,
VTA,Imp,VTA_aw,abaagamizamaw,abaagamizamaw,2Sg,3,Neu,Pos,abaagamizamaw,
VTI,Ind,VTI_am,abaagamizan,abaagamiz,1Sg,0Sg,Neu,Pos,indabaagamizaan,
VTI,Ind,VTI_am,abaagamizan,abaagamiz,1Sg,0Sg,Neu,Pos,nindabaagamizaan,
VTI,Ind,VTI_am,abaagamizan,abaagamiz,1Sg,0Sg,Neu,Pos,ndabaagamizaan,
VTI,Ind,VTI_am,abaagamizan,abaagamiz,3Sg,0Sg,Neu,Pos,odabaagamizaan,
VTI,Cnj,VTI_am,abaagamizan,abaagamiz,3Sg,0,Neu,Pos,abaagamizang,
VTI,?,VTI_am,abaagamizan,abaagamiz,3Sg,0,Neu,Pos,ebaagamizang,
VTI,Imp,VTI_am,abaagamizan,abaagamiz,2Sg,0,Neu,Pos,abaagamizan,
VAI,Ind,VAI_V,abaagamizige,abaagamizige,1Sg,NA,Neu,Pos,indabaagamizige,
VAI,Ind,VAI_V,abaagamizige,abaagamizige,1Sg,NA,Neu,Pos,nindabaagamizige,
VAI,Ind,VAI_V,abaagamizige,abaagamizige,1Sg,NA,Neu,Pos,nidabaagamizige,
VAI,Ind,VAI_V,abaagamizige,abaagamizige,3Sg,NA,Neu,Pos,abaagamizige,
VAI,Cnj,VAI_V,abaagamizige,abaagamizige,3Sg,NA,Neu,Pos,abaagamiziged,
VAI,?,VAI_V,abaagamizige,abaagamizige,3Sg,NA,Neu,Pos,ebaagamiziged,
VAI,Ind,VAI_V,abaakiganezo,abaakiganezo,1Sg,NA,Neu,Pos,nindabaakiganez,
VAI,Ind,VAI_V,abaakiganezo,abaakiganezo,3Sg,NA,Neu,Pos,abaakiganezo,
VAI,Cnj,VAI_V,abaakiganezo,abaakiganezo,3Sg,NA,Neu,Pos,abaakiganezod,
VAI,?,VAI_V,abaakiganezo,abaakiganezo,3Sg,NA,Neu,Pos,ebaakiganezod,
VAI,Ind,VAI_V,abaasandeke,abaasandeke,1Sg,NA,Neu,Pos,indabaasandeke,
VAI,Ind,VAI_V,abaasandeke,abaasandeke,1Sg,NA,Neu,Pos,nindabaasandeke,
VAI,Ind,VAI_V,abaasandeke,abaasandeke,1Sg,NA,Neu,Pos,nidabaasandeke,
VAI,Ind,VAI_V,abaasandeke,abaasandeke,3Sg,NA,Neu,Pos,abaasandeke,
VAI,Cnj,VAI_V,abaasandeke,abaasandeke,3Sg,NA,Neu,Pos,abaasandeked,
VAI,?,VAI_V,abaasandeke,abaasandeke,3Sg,NA,Neu,Pos,ebaasandeked,
VAI,Ind,VAI_V,abaaso,abaaso,1Sg,NA,Neu,Pos,indabaas,
VAI,Ind,VAI_V,abaaso,abaaso,1Sg,NA,Neu,Pos,nindabaas,
VAI,Ind,VAI_V,abaaso,abaaso,1Sg,NA,Neu,Pos,nidabaas,
VAI,Ind,VAI_V,abaaso,abaaso,3Sg,NA,Neu,Pos,abaaso,
VAI,Cnj,VAI_V,abaaso,abaaso,3Sg,NA,Neu,Pos,abaasod,
VAI,?,VAI_V,abaaso,abaaso,3Sg,NA,Neu,Pos,ebaasod,
VII,Ind,VII_V,abaate,abaate,0Sg,NA,Neu,Pos,abaate,
VII,Cnj,VII_V,abaate,abaate,0Sg,NA,Neu,Pos,abaateg,
VII,?,VII_V,abaate,abaate,0Sg,NA,Neu,Pos,ebaateg,
VII,Ind,VII_V,abaate,abaate,0Sg,?,Neu,Pos,abaatemagad,
VAI,Ind,VAI_V,abaawiganezo,abaawiganezo,1Sg,NA,Neu,Pos,indabaawiganez,
VAI,Ind,VAI_V,abaawiganezo,abaawiganezo,1Sg,NA,Neu,Pos,nindabaawiganez,
VAI,Ind,VAI_V,abaawiganezo,abaawiganezo,1Sg,NA,Neu,Pos,nidabaawiganez,
VAI,Ind,VAI_V,abaawiganezo,abaawiganezo,3Sg,NA,Neu,Pos,abaawiganezo,
VAI,Cnj,VAI_V,abaawiganezo,abaawiganezo,3Sg,NA,Neu,Pos,abaawiganezod,
VAI,?,VAI_V,abaawiganezo,abaawiganezo,3Sg,NA,Neu,Pos,ebaawiganezod,
VAI,Ind,VAI_V,abi,abi,1Sg,NA,Neu,Pos,indab,
VAI,Ind,VAI_V,abi,abi,1Sg,NA,Neu,Pos,nindab,
VAI,Ind,VAI_V,abi,abi,1Sg,NA,Neu,Pos,nidab,
VAI,Ind,VAI_V,abi,abi,3Sg,NA,Neu,Pos,abi,
VAI,Cnj,VAI_V,abi,abi,1Sg,NA,Neu,Pos,abiyaan,
VAI,Cnj,VAI_V,abi,abi,3Sg,NA,Neu,Pos,abid,
VAI,?,VAI_V,abi,abi,3Sg,NA,Neu,Pos,ebid,
VII,Ind,VII_V,abide,abide,0Sg,NA,Neu,Pos,abide,
VII,Cnj,VII_V,abide,abide,0Sg,NA,Neu,Pos,abideg,
VII,?,VII_V,abide,abide,0Sg,NA,Neu,Pos,ebideg,
VII,Ind,VII_V,abide,abide,0Sg,NA,Neu,Pos,abidemagad,
VAI,Ind,VAI_V,abidiyezo,abidiyezo,1Sg,NA,Neu,Pos,nindabidiyez,
VAI,Ind,VAI_V,abidiyezo,abidiyezo,3Sg,NA,Neu,Pos,abidiyezo,
VAI,Cnj,VAI_V,abidiyezo,abidiyezo,3Sg,NA,Neu,Pos,abidiyezod,
VAI,?,VAI_V,abidiyezo,abidiyezo,3Sg,NA,Neu,Pos,ebidiyezod,
VAI,Ind,VAI_V,abininjiizo,abininjiizo,1Sg,NA,Neu,Pos,indabininjiiz,
VAI,Ind,VAI_V,abininjiizo,abininjiizo,1Sg,NA,Neu,Pos,nindabininjiiz,
VAI,Ind,VAI_V,abininjiizo,abininjiizo,1Sg,NA,Neu,Pos,nidabininjiiz,
VAI,Ind,VAI_V,abininjiizo,abininjiizo,3Sg,NA,Neu,Pos,abininjiizo,
VAI,Cnj,VAI_V,abininjiizo,abininjiizo,3Sg,NA,Neu,Pos,abininjiizod,
VAI,?,VAI_V,abininjiizo,abininjiizo,3Sg,NA,Neu,Pos,ebininjiizod,
VAI,Imp,VAI_V,abininjiizo,abininjiizo,2Sg,NA,Neu,Pos,abininjiizon,
VAI,Ind,VAI_V,abinoojiinyikaazo,abinoojiinyikaazo,1Sg,NA,Neu,Pos,indabinoojiinyikaaz,
VAI,Ind,VAI_V,abinoojiinyikaazo,abinoojiinyikaazo,1Sg,NA,Neu,Pos,nindabinoojiinyikaaz,
VAI,Ind,VAI_V,abinoojiinyikaazo,abinoojiinyikaazo,1Sg,NA,Neu,Pos,nidabinoojiinyikaaz,
VAI,Imp,VAI_V,abinoojiinyikaazo,abinoojiinyikaazo,3Sg,NA,Neu,Pos,abinoojiinyikaazo,
VAI,Cnj,VAI_V,abinoojiinyikaazo,abinoojiinyikaazo,3Sg,NA,Neu,Pos,abinoojiinyikaazod,
VAI,?,VAI_V,abinoojiinyikaazo,abinoojiinyikaazo,3Sg,NA,Neu,Pos,ebinoojiinyikaazod,
VAI,Ind,VAI_V,abinoojiinyiwi,abinoojiinyiwi,1Sg,NA,Neu,Pos,indabinoojiinyiw,
VAI,Ind,VAI_V,abinoojiinyiwi,abinoojiinyiwi,1Sg,NA,Neu,Pos,nindabinoojiinyiw,
VAI,Ind,VAI_V,abinoojiinyiwi,abinoojiinyiwi,1Sg,NA,Neu,Pos,nidabinoojiinyiw,
VAI,Ind,VAI_V,abinoojiinyiwi,abinoojiinyiwi,3Sg,NA,Neu,Pos,abinoojiinyiwi,
VAI,Cnj,VAI_V,abinoojiinyiwi,abinoojiinyiwi,3Sg,NA,Neu,Pos,abinoojiinyiwid,
VAI,?,VAI_V,abinoojiinyiwi,abinoojiinyiwi,3Sg,NA,Neu,Pos,ebinoojiinyiwid,
VTA,Ind,VTA_Cw,abiz,abizw,1Sg,3Sg,Neu,Pos,indabizwaa,
VTA,Ind,VTA_Cw,abiz,abizw,1Sg,3Sg,Neu,Pos,nindabizwaa,
VTA,Ind,VTA_Cw,abiz,abizw,1Sg,3Sg,Neu,Pos,nidabizwaa,
VTA,Ind,VTA_Cw,abiz,abizw,3Sg,3SgObv,Neu,Pos,odabizwaan,
VTA,Cnj,VTA_Cw,abiz,abizw,3Sg,3SgObv,Neu,Pos,abizwaad,
VTA,?,VTA_Cw,abiz,abizw,3Sg,3SgObv,Neu,Pos,ebizwaad,
VTA,Imp,VTA_Cw,abiz,abizw,2Sg,3,Neu,Pos,abiz,
VTA,Imp,VTA_Cw,abiz,abizw,2Sg,3,Neu,Pos,abizwi,
VTA,Ind,VTA_aw,abizamaw,abizamaw,1Sg,3Sg,Neu,Pos,indabizamawaa,
VTA,Ind,VTA_aw,abizamaw,abizamaw,1Sg,3Sg,Neu,Pos,nindabizamawaa,
VTA,Ind,VTA_aw,abizamaw,abizamaw,1Sg,3Sg,Neu,Pos,nidabizamawaa,
VTA,Ind,VTA_aw,abizamaw,abizamaw,3Sg,3SgObv,Neu,Pos,odabizamawaan,
VTA,Cnj,VTA_aw,abizamaw,abizamaw,3Sg,3SgObv,Neu,Pos,abizamawaad,
VTA,?,VTA_aw,abizamaw,abizamaw,3Sg,3SgObv,Neu,Pos,ebizamawaad,
VTA,?,VTA_aw,abizamaw,abizamaw,2Sg,3,Neu,Pos,abizamaw,
VTI,Ind,VTI_am,abizan,abiz,1Sg,0Sg,Neu,Pos,indabizaan,
VTI,Ind,VTI_am,abizan,abiz,1Sg,0Sg,Neu,Pos,nindabizaan,
VTI,Ind,VTI_am,abizan,abiz,1Sg,0Sg,Neu,Pos,nidabizaan,
VTI,Ind,VTI_am,abizan,abiz,3Sg,0Sg,Neu,Pos,odabizaan,
VTI,Cnj,VTI_am,abizan,abiz,3Sg,0,Neu,Pos,abizang,
VTI,?,VTI_am,abizan,abiz,3Sg,0,Neu,Pos,ebizang,
VTI,Imp,VTI_am,abizan,abiz,2Sg,0,Neu,Pos,abizan,
VAI,Ind,VAI_V,abizidezo,abizidezo,1Sg,NA,Neu,Pos,indabizidez,
VAI,Ind,VAI_V,abizidezo,abizidezo,1Sg,NA,Neu,Pos,nindabizidez,
VAI,Ind,VAI_V,abizidezo,abizidezo,1Sg,NA,Neu,Pos,nidabizidez,
VAI,Imp,VAI_V,abizidezo,abizidezo,3Sg,NA,Neu,Pos,abizidezo,
VAI,Cnj,VAI_V,abizidezo,abizidezo,3Sg,NA,Neu,Pos,abizidezod,
VAI,?,VAI_V,abizidezo,abizidezo,3Sg,NA,Neu,Pos,ebizidezod,
VTA,Ind,VTA_Cw,abizidezwi,abizidezw,1Sg,3Sg,Neu,Pos,nindabizidezwaa,
VTA,Cnj,VTA_Cw,abizidezwi,abizidezw,3Sg,3SgObv,Neu,Pos,abizidezwaad,
VTA,?,VTA_Cw,abizidezwi,abizidezw,3Sg,3SgObv,Neu,Pos,ebizidezwaad,
VTA,Imp,VTA_Cw,abizidezwi,abizidezw,2Sg,3,Neu,Pos,abizidez,
VTA,Imp,VTA_Cw,abizidezwi,abizidezw,2Sg,3,Neu,Pos,abizidezwi,
VII,Ind,VII_V,abizigaade,abizigaade,0Sg,NA,Neu,Pos,abizigaade,
VII,Cnj,VII_V,abizigaade,abizigaade,0Sg,NA,Neu,Pos,abizigaadeg,
VII,?,VII_V,abizigaade,abizigaade,0Sg,NA,Neu,Pos,ebizigaadeg,
VAI,Ind,VAI_V,abizigaazo,abizigaazo,3Sg,NA,Neu,Pos,abizigaazo,
VAI,Cnj,VAI_V,abizigaazo,abizigaazo,3Sg,NA,Neu,Pos,abizigaazod,
VAI,?,VAI_V,abizigaazo,abizigaazo,3Sg,NA,Neu,Pos,ebizigaazod,
VAI,Ind,VAI_V,abizige,abizige,1Sg,NA,Neu,Pos,indabizige,
VAI,Ind,VAI_V,abizige,abizige,1Sg,NA,Neu,Pos,nindabizige,
VAI,Ind,VAI_V,abizige,abizige,1Sg,NA,Neu,Pos,nidabizige,
VAI,Ind,VAI_V,abizige,abizige,3Sg,NA,Neu,Pos,abizige,
VAI,Cnj,VAI_V,abizige,abizige,3Sg,NA,Neu,Pos,abiziged,
VAI,?,VAI_V,abizige,abizige,3Sg,NA,Neu,Pos,ebiziged,
VAI,Ind,VAI_V,abizo,abizo,1Sg,NA,Neu,Pos,indabiz,
VAI,Ind,VAI_V,abizo,abizo,1Sg,NA,Neu,Pos,nindabiz,
VAI,Ind,VAI_V,abizo,abizo,1Sg,NA,Neu,Pos,nidabiz,
VAI,Ind,VAI_V,abizo,abizo,3Sg,NA,Neu,Pos,abizo,
VAI,Cnj,VAI_V,abizo,abizo,3Sg,NA,Neu,Pos,abizod,
VAI,?,VAI_V,abizo,abizo,3Sg,NA,Neu,Pos,ebizod,
VAI,Imp,VAI_V,abizo,abizo,2Sg,NA,Neu,Pos,abizon,
VAI,Ind,VAI_V,abizodizo,abizodizo,1Sg,NA,Neu,Pos,indabizodiz,
VAI,Ind,VAI_V,abizodizo,abizodizo,3Sg,NA,Neu,Pos,abizodizo,
VAI,Cnj,VAI_V,abizodizo,abizodizo,3Sg,NA,Neu,Pos,abizodizod,
VAI,?,VAI_V,abizodizo,abizodizo,3Sg,NA,Neu,Pos,ebizodizod,
VII,Imp,VII_V,abiichigaade,abiichigaade,0Sg,NA,Neu,Pos,abiichigaade,
VII,Cnj,VII_V,abiichigaade,abiichigaade,0Sg,NA,Neu,Pos,abiichigaadeg,
VII,?,VII_V,abiichigaade,abiichigaade,0Sg,NA,Neu,Pos,ebiichigaadeg,
VII,Ind,VII_V,abiichigaade,abiichigaade,0Sg,?,Neu,Pos,abiichigaademagad,
VTI,Ind,VTI_am,abiigizan,abiigiz,1Sg,0Sg,Neu,Pos,nindabiigizaan,
VTI,Ind,VTI_am,abiigizan,abiigiz,3Sg,0Sg,Neu,Pos,odabiigizaan,
VTI,Cnj,VTI_am,abiigizan,abiigiz,3Sg,0,Neu,Pos,abiigizang,
VTI,?,VTI_am,abiigizan,abiigiz,3Sg,0,Neu,Pos,ebiigizang,
VTI,Imp,VTI_am,abiigizan,abiigiz,2Sg,0,Neu,Pos,abiigizan,
VAI,Ind,VAI_V,abiigizige,abiigizige,1Sg,NA,Neu,Pos,indabiigizige,
VAI,Ind,VAI_V,abiigizige,abiigizige,1Sg,NA,Neu,Pos,nindabiigizige,
VAI,Ind,VAI_V,abiigizige,abiigizige,1Sg,NA,Neu,Pos,nidabiigizige,
VAI,Ind,VAI_V,abiigizige,abiigizige,3Sg,NA,Neu,Pos,abiigizige,
VAI,Cnj,VAI_V,abiigizige,abiigizige,3Sg,NA,Neu,Pos,abiigiziged,
VTA,Ind,VTA_Cw,abiigizwi,abiigizw,1Sg,3Sg,Neu,Pos,indabiigizwaa,
VTA,Ind,VTA_Cw,abiigizwi,abiigizw,3Sg,3SgObv,Neu,Pos,odabiigizwaan,
VTA,Cnj,VTA_Cw,abiigizwi,abiigizw,3Sg,3SgObv,Neu,Pos,abiigizwaad,
VTA,?,VTA_Cw,abiigizwi,abiigizw,3Sg,3SgObv,Neu,Pos,ebiigizwaad,
VTA,Imp,VTA_Cw,abiigizwi,abiigizw,2Sg,3,Neu,Pos,abiigizwi,
VAI,Ind,VAI_V,abiingwezo,abiingwezo,1Sg,NA,Neu,Pos,nindabiingwez,
VAI,Ind,VAI_V,abiingwezo,abiingwezo,3Sg,NA,Neu,Pos,abiingwezo,
VAI,Cnj,VAI_V,abiingwezo,abiingwezo,3Sg,NA,Neu,Pos,abiingwezod,
VAI,?,VAI_V,abiingwezo,abiingwezo,3Sg,NA,Neu,Pos,ebiingwezod,
VTI,Ind,VTI_am,abiitan,abiit,1Sg,0Sg,Neu,Pos,indabiitaan,
VTI,Ind,VTI_am,abiitan,abiit,1Sg,0Sg,Neu,Pos,nindabiitaan,
VTI,Ind,VTI_am,abiitan,abiit,1Sg,0Sg,Neu,Pos,nidabiitaan,
VTI,Ind,VTI_am,abiitan,abiit,3Sg,0Sg,Neu,Pos,odabiitaan,
VTI,Cnj,VTI_am,abiitan,abiit,3Sg,0,Neu,Pos,abiitang,
VTI,?,VTI_am,abiitan,abiit,3Sg,0,Neu,Pos,ebiitang,
VTI,Imp,VTI_am,abiitan,abiit,3Obv,3,Neu,Pos,abiitan,
VTA,Ind,VTA_aw,abiitaw,abiitaw,1Sg,3Sg,Neu,Pos,indabiitawaa,
VTA,Ind,VTA_aw,abiitaw,abiitaw,1Sg,3Sg,Neu,Pos,nindabiitawaa,
VTA,Ind,VTA_aw,abiitaw,abiitaw,1Sg,3Sg,Neu,Pos,nidabiitawaa,
VTA,Ind,VTA_aw,abiitaw,abiitaw,3Sg,3SgObv,Neu,Pos,odabiitawaan,
VTA,Cnj,VTA_aw,abiitaw,abiitaw,3Sg,3SgObv,Neu,Pos,abiitawaad,
VTA,?,VTA_aw,abiitaw,abiitaw,3Sg,3SgObv,Neu,Pos,ebiitawaad,
VTA,Imp,VTA_aw,abiitaw,abiitaw,2Sg,3,Neu,Pos,abiitaw,
VTI,Ind,VTI_am,abwaadan,abwaad,1Sg,0Sg,Neu,Pos,indabwaadaan,
VTI,Ind,VTI_am,abwaadan,abwaad,1Sg,0Sg,Neu,Pos,nindabwaadaan,
VTI,Ind,VTI_am,abwaadan,abwaad,1Sg,0Sg,Neu,Pos,nidabwaadaan,
VTI,Ind,VTI_am,abwaadan,abwaad,3Sg,0Sg,Neu,Pos,odabwaadaan,
VTI,Cnj,VTI_am,abwaadan,abwaad,3Sg,0,Neu,Pos,abwaadang,
VTI,?,VTI_am,abwaadan,abwaad,3Sg,0,Neu,Pos,ebwaadang,
VTI,Imp,VTI_am,abwaadan,abwaad,2Sg,0,Neu,Pos,abwaadan,
VAI,Ind,VAI_V,abwaajige,abwaajige,1Sg,NA,Neu,Pos,indabwaajige,
VAI,Ind,VAI_V,abwaajige,abwaajige,1Sg,NA,Neu,Pos,nindabwaajige,
VAI,Ind,VAI_V,abwaajige,abwaajige,1Sg,NA,Neu,Pos,nidabwaajige,
VAI,Cnj,VAI_V,abwaajige,abwaajige,3Sg,NA,Neu,Pos,abwaajiged,
VAI,?,VAI_V,abwaajige,abwaajige,3Sg,NA,Neu,Pos,ebwaajiged,
VTA,Ind,VTA_n,abwaazh,abwaaN,1Sg,3Sg,Neu,Pos,indabwaanaa,
VTA,Ind,VTA_n,abwaazh,abwaaN,1Sg,3Sg,Neu,Pos,nindabwaanaa,
VTA,Ind,VTA_n,abwaazh,abwaaN,1Sg,3Sg,Neu,Pos,nidabwaanaa,
VTA,Ind,VTA_n,abwaazh,abwaaN,3Sg,3SgObv,Neu,Pos,odabwaanaan,
VTA,Cnj,VTA_n,abwaazh,abwaaN,3Sg,3SgObv,Neu,Pos,aabwaanaad,
VTA,?,VTA_n,abwaazh,abwaaN,3Sg,3SgObv,Neu,Pos,ebwaanaad,
VTA,Imp,VTA_n,abwaazh,abwaaN,2Sg,3,Neu,Pos,abwaazh,
VAI,Ind,VAI_V,abwe,abwe,1Sg,NA,Neu,Pos,indabwe,
VAI,Ind,VAI_V,abwe,abwe,1Sg,NA,Neu,Pos,nindabwe,
VAI,Ind,VAI_V,abwe,abwe,1Sg,NA,Neu,Pos,nidabwe,
VAI,Imp,VAI_V,abwe,abwe,3Sg,NA,Neu,Pos,abwe,
VAI,Cnj,VAI_V,abwe,abwe,3Sg,NA,Neu,Pos,abwed,
VAI,?,VAI_V,abwe,abwe,3Sg,NA,Neu,Pos,ebwed,
VAI,Ind,VAI_V,abwemaagozi,abwemaagozi,1Sg,NA,Neu,Pos,indabwemaagoz,
VAI,Ind,VAI_V,abwemaagozi,abwemaagozi,3Sg,NA,Neu,Pos,abwemaagozi,
VAI,Cnj,VAI_V,abwemaagozi,abwemaagozi,3Sg,NA,Neu,Pos,abwemaagozid,
VAI,?,VAI_V,abwemaagozi,abwemaagozi,3Sg,NA,Neu,Pos,ebwemaagozid,
VII,Ind,VII_d,abwemaagwad,abwemaagwad,0Sg,NA,Neu,Pos,abwemaagwad,
VII,Cnj,VII_d,abwemaagwad,abwemaagwad,0Sg,NA,Neu,Pos,abwemaagwak,
VII,?,VII_d,abwemaagwad,abwemaagwad,0Sg,NA,Neu,Pos,ebwemaagwak,
VAIO,Ind,VAIO,abwen,abwe,1Sg,NA,Neu,Pos,indabwen,
VAIO,Ind,VAIO,abwen,abwe,1Sg,NA,Neu,Pos,nindabwen,
VAIO,Ind,VAIO,abwen,abwe,1Sg,NA,Neu,Pos,nidabwen,
VAIO,Cnj,VAIO,abwen,abwe,3Sg,NA,Neu,Pos,abwed,
VAIO,Ind,VAIO,abwen,abwe,3Sg,NA,Neu,Pos,odabwen,
VAIO,?,VAIO,abwen,abwe,3Sg,NA,Neu,Pos,ebwed,
VAI,Ind,VAI_V,abwendibe,abwendibe,1Sg,NA,Neu,Pos,indabwendibe,
VAI,Ind,VAI_V,abwendibe,abwendibe,3Sg,NA,Neu,Pos,abwendibe,
VAI,Cnj,VAI_V,abwendibe,abwendibe,3Sg,NA,Neu,Pos,abwendibed,
VAI,?,VAI_V,abwendibe,abwendibe,3Sg,NA,Neu,Pos,ebwendibed,
VAI,Ind,VAI_V,abwenike,abwenike,1Sg,NA,Neu,Pos,indabwenike,
VAI,Ind,VAI_V,abwenike,abwenike,1Sg,NA,Neu,Pos,nindabwenike,
VAI,Ind,VAI_V,abwenike,abwenike,3Sg,NA,Neu,Pos,abwenike,
VAI,Cnj,VAI_V,abwenike,abwenike,3Sg,NA,Neu,Pos,abweniked,
VAI,?,VAI_V,abwenike,abwenike,3Sg,NA,Neu,Pos,ebweniked,
VAI,Ind,VAI_VV,abweninjii,abweninjii,1Sg,NA,Neu,Pos,indabweninjii,
VAI,Ind,VAI_VV,abweninjii,abweninjii,1Sg,NA,Neu,Pos,nindabweninjii,
VAI,Ind,VAI_VV,abweninjii,abweninjii,1Sg,NA,Neu,Pos,nidabweninjii,
VAI,Ind,VAI_VV,abweninjii,abweninjii,3Sg,NA,Neu,Pos,abweninjii,
VAI,Cnj,VAI_VV,abweninjii,abweninjii,3Sg,NA,Neu,Pos,abweninjiid,
VAI,?,VAI_VV,abweninjii,abweninjii,3Sg,NA,Neu,Pos,ebweninjiid,
VTA,Ind,VTA_Cw,abwewas,abwewasw,1Sg,3Sg,Neu,Pos,indabwewaswaa,
VTA,Ind,VTA_Cw,abwewas,abwewasw,1Sg,3Sg,Neu,Pos,nindabwewaswaa,
VTA,Ind,VTA_Cw,abwewas,abwewasw,1Sg,3Sg,Neu,Pos,nidabwewaswaa,
VTA,Cnj,VTA_Cw,abwewas,abwewasw,3Sg,3SgObv,Neu,Pos,abwewaswaad,
VTA,Ind,VTA_Cw,abwewas,abwewasw,3Sg,3SgObv,Neu,Pos,odabwewaswaan,
VTA,?,VTA_Cw,abwewas,abwewasw,3Sg,3SgObv,Neu,Pos,ebwewaswaad,
VTA,Imp,VTA_Cw,abwewas,abwewasw,2Sg,3,Neu,Pos,abwewas,
VTI,Ind,VTI_am,abwewasan,abwewas,1Sg,0Sg,Neu,Pos,indabwewasaan,
VTI,Ind,VTI_am,abwewasan,abwewas,1Sg,0Sg,Neu,Pos,nindabwewasaan,
VTI,Ind,VTI_am,abwewasan,abwewas,1Sg,0Sg,Neu,Pos,nidabwewasaan,
VTI,Ind,VTI_am,abwewasan,abwewas,3Sg,0Sg,Neu,Pos,odabwewasaan,
VTI,Cnj,VTI_am,abwewasan,abwewas,3Sg,0,Neu,Pos,abwewasang,
VTI,?,VTI_am,abwewasan,abwewas,3Sg,0,Neu,Pos,ebwewasang,
VTI,Imp,VTI_am,abwewasan,abwewas,2Sg,0,Neu,Pos,abwewasan,
VAI,Ind,VAI_V,abwewasige,abwewasige,1Sg,NA,Neu,Pos,indabwewasige,
VAI,Ind,VAI_V,abwewasige,abwewasige,1Sg,NA,Neu,Pos,nindabwewasige,
VAI,Ind,VAI_V,abwewasige,abwewasige,1Sg,NA,Neu,Pos,nidabwewasige,
VAI,Cnj,VAI_V,abwewasige,abwewasige,3Sg,NA,Neu,Pos,abwewasiged,
VAI,?,VAI_V,abwewasige,abwewasige,3Sg,NA,Neu,Pos,ebwewasiged,
VAI,Ind,VAI_V,abweyiingwe,abweyiingwe,1Sg,NA,Neu,Pos,indabweyiingwe,
VAI,Ind,VAI_V,abweyiingwe,abweyiingwe,3Sg,NA,Neu,Pos,abweyiingwe,
VAI,?,VAI_V,abweyiingwe,abweyiingwe,3Sg,NA,Neu,Pos,ebweyiingwed,
VAI,Ind,VAI_V,abwezide,abwezide,1Sg,NA,Neu,Pos,indabwezide,
VAI,Ind,VAI_V,abwezide,abwezide,1Sg,NA,Neu,Pos,nindabwezide,
VAI,Ind,VAI_V,abwezide,abwezide,1Sg,NA,Neu,Pos,nidabwezide,
VAI,Ind,VAI_V,abwezide,abwezide,3Sg,NA,Neu,Pos,abwezide,
VAI,Cnj,VAI_V,abwezide,abwezide,3Sg,NA,Neu,Pos,abwezided,
VAI,?,VAI_V,abwezide,abwezide,3Sg,NA,Neu,Pos,ebwezided,
VAI,Ind,VAI_V,abwezo,abwezo,1Sg,NA,Neu,Pos,indabwez,
VAI,Ind,VAI_V,abwezo,abwezo,1Sg,NA,Neu,Pos,nindabwez,
VAI,Ind,VAI_V,abwezo,abwezo,1Sg,NA,Neu,Pos,nidabwez,
VAI,Imp,VAI_V,abwezo,abwezo,3Sg,NA,Neu,Pos,abwezo,
VAI,Cnj,VAI_V,abwezo,abwezo,3Sg,NA,Neu,Pos,abwezod,
VAI,?,VAI_V,abwezo,abwezo,3Sg,NA,Neu,Pos,ebwezod,
VTA,Ind,VTA_aw,abwiikaw,abwiikaw,1Sg,3Sg,Neu,Pos,nindabwiikawaa,
VTA,Ind,VTA_aw,abwiikaw,abwiikaw,3Sg,3SgObv,Neu,Pos,odabwiikawaan,
VTA,Cnj,VTA_aw,abwiikaw,abwiikaw,3Sg,3SgObv,Neu,Pos,abwiikawaad,
VTA,?,VTA_aw,abwiikaw,abwiikaw,3Sg,3SgObv,Neu,Pos,ebwiikawaad,
VTA,Imp,VTA_aw,abwiikaw,abwiikaw,2Sg,3,Neu,Pos,abwiikaw,
VAI,Ind,VAI_V,abwiike,abwiike,1Sg,NA,Neu,Pos,indabwiike,
VAI,Ind,VAI_V,abwiike,abwiike,1Sg,NA,Neu,Pos,nindabwiike,
VAI,Ind,VAI_V,abwiike,abwiike,1Sg,NA,Neu,Pos,nidabwiike,
VAI,Ind,VAI_V,abwiike,abwiike,3Sg,NA,Neu,Pos,abwiike,
VAI,Cnj,VAI_V,abwiike,abwiike,1Sg,NA,Neu,Pos,abwiikeyaan,
VAI,Cnj,VAI_V,abwiike,abwiike,3Sg,NA,Neu,Pos,abwiiked,
VAI,?,VAI_V,abwiike,abwiike,3Sg,NA,Neu,Pos,ebwiiked,
VAI,Imp,VAI_V,abwiike,abwiike,2Sg,NA,Neu,Pos,abwiiken,
VAI,Ind,VAI_V,achaabike,achaabike,1Sg,NA,Neu,Pos,nindachaabike,
VAI,Ind,VAI_V,achaabike,achaabike,3Sg,NA,Neu,Pos,achaabike,
VAI,Cnj,VAI_V,achaabike,achaabike,3Sg,NA,Neu,Pos,achaabiked,
VAI,?,VAI_V,achaabike,achaabike,3Sg,NA,Neu,Pos,echaabiked,
VAI,Ind,VAI_V,achaawise,achaawise,1Sg,NA,Neu,Pos,indachaawise,
VAI,Ind,VAI_V,achaawise,achaawise,3Sg,NA,Neu,Pos,achaawise,
VAI,Cnj,VAI_V,achaawise,achaawise,3Sg,NA,Neu,Pos,achaawised,
VAI,?,VAI_V,achaawise,achaawise,3Sg,NA,Neu,Pos,echaawised,
VTI,Ind,VTI_am,achigaadan,achigaad,1Sg,0Sg,Neu,Pos,indachigaadaan,
VTI,Ind,VTI_am,achigaadan,achigaad,3Sg,0Sg,Neu,Pos,odachigaadaan ,
VTI,Cnj,VTI_am,achigaadan,achigaad,3Sg,0,Neu,Pos,achigaadang,
VTI,?,VTI_am,achigaadan,achigaad,3Sg,0,Neu,Pos,echigaadang,
VTI,Imp,VTI_am,achigaadan,achigaad,2Sg,0,Neu,Pos,achigaadan,
VII,Ind,VII_V,achigaade,achigaade,0Sg,NA,Neu,Pos,achigaade,
VII,Cnj,VII_V,achigaade,achigaade,0Sg,NA,Neu,Pos,achigaadeg,
VII,?,VII_V,achigaade,achigaade,0Sg,NA,Neu,Pos,echigaadeg,
VII,Ind,VII_V,achigaade,achigaade,0Sg,?,Neu,Pos,achigaademagad,
VTA,Ind,VTA_n,achigaazh,achigaaN,1Sg,3Sg,Neu,Pos,indachigaanaa,
VTA,Ind,VTA_n,achigaazh,achigaaN,3Sg,3SgObv,Neu,Pos,odachigaanaan,
VTA,Cnj,VTA_n,achigaazh,achigaaN,3Sg,3SgObv,Neu,Pos,achigaanaad,
VTA,?,VTA_n,achigaazh,achigaaN,3Sg,3SgObv,Neu,Pos,echigaanaad,
VTA,Imp,VTA_n,achigaazh,achigaaN,2Sg,3,Neu,Pos,achigaazh,
VAI,Imp,VAI_V,achigaazo,achigaazo,3Sg,NA,Neu,Pos,achigaazo,
VAI,Cnj,VAI_V,achigaazo,achigaazo,3Sg,NA,Neu,Pos,achigaazod,
VAI,?,VAI_V,achigaazo,achigaazo,3Sg,NA,Neu,Pos,echigaazod,
VAI,Ind,VAI_V,achige,achige,1Sg,NA,Neu,Pos,indachige,
VAI,Ind,VAI_V,achige,achige,1Sg,NA,Neu,Pos,nindachige,
VAI,Ind,VAI_V,achige,achige,1Sg,NA,Neu,Pos,nidachige,
VAI,Ind,VAI_V,achige,achige,3Sg,NA,Neu,Pos,achige,
VAI,Cnj,VAI_V,achige,achige,3Sg,NA,Neu,Pos,achiged,
VAI,?,VAI_V,achige,achige,3Sg,NA,Neu,Pos,echiged,
VTA,Ind,VTA_C,adaam,adaam,1Sg,3Sg,Neu,Pos,indadaamaa,
VTA,Ind,VTA_C,adaam,adaam,1Sg,3Sg,Neu,Pos,nindadaamaa,
VTA,Ind,VTA_C,adaam,adaam,1Sg,3Sg,Neu,Pos,nidadaamaa,
VTA,Ind,VTA_C,adaam,adaam,3Sg,3SgObv,Neu,Pos,odadaamaan,
VTA,Cnj,VTA_C,adaam,adaam,3Sg,3SgObv,Neu,Pos,adaamaad,
VTA,?,VTA_C,adaam,adaam,3Sg,3SgObv,Neu,Pos,edaamaad,
VTA,Imp,VTA_C,adaam,adaam,2Sg,0,Neu,Pos,adaam,
VAI,Ind,VAI_V,adaandiwag,adaandi,Excl,NA,Neu,Pos,indadaandimin,
VAI,Cnj,VAI_V,adaandiwag,adaandi,3Pl,NA,Neu,Pos,adaandiwaad,
VAI,Ind,VAI_V,adaandiwag,adaandi,3Pl,NA,Neu,Pos,adaandiwag,
VAI,?,VAI_V,adaandiwag,adaandi,3Pl,NA,Neu,Pos,edaandiwaad,
VTA,Ind,VTA_C,adaawam,adaawam,1Sg,3Sg,Neu,Pos,indadaawamaa,
VTA,Ind,VTA_C,adaawam,adaawam,1Sg,3Sg,Neu,Pos,nindadaawamaa,
VTA,Ind,VTA_C,adaawam,adaawam,1Sg,3Sg,Neu,Pos,nidadaawamaa,
VTA,Ind,VTA_C,adaawam,adaawam,3Sg,1Sg,Neu,Pos,nindadaawamig,
VTA,Ind,VTA_C,adaawam,adaawam,3Sg,3SgObv,Neu,Pos,odadaawamaan,
VTA,Cnj,VTA_C,adaawam,adaawam,3Sg,3SgObv,Neu,Pos,adaawamaad,
VTA,?,VTA_C,adaawam,adaawam,3Sg,3SgObv,Neu,Pos,edaawamaad,
VTA,Imp,VTA_C,adaawam,adaawam,2Sg,3,Neu,Pos,adaawam,
VAI,Ind,VAI_V,adaawange,adaawange,1Sg,NA,Neu,Pos,indadaawange,
VAI,Ind,VAI_V,adaawange,adaawange,1Sg,NA,Neu,Pos,nindadaawange,
VAI,Ind,VAI_V,adaawange,adaawange,1Sg,NA,Neu,Pos,nidadaawange,
VAI,Ind,VAI_V,adaawange,adaawange,3Sg,NA,Neu,Pos,adaawange,
VAI,Cnj,VAI_V,adaawange,adaawange,3Sg,NA,Neu,Pos,adaawanged,
VAI,?,VAI_V,adaawange,adaawange,3Sg,NA,Neu,Pos,edaawanged,
VAIO,Ind,VAIO,adaawangen,adaawange,1Sg,NA,Neu,Pos,indadaawangen,
VAIO,Ind,VAIO,adaawangen,adaawange,1Sg,NA,Neu,Pos,nindadaawangen,
VAIO,Ind,VAIO,adaawangen,adaawange,1Sg,NA,Neu,Pos,nidadaawangen,
VAIO,Ind,VAIO,adaawangen,adaawange,3Sg,NA,Neu,Pos,odadaawaangen,
VAIO,Cnj,VAIO,adaawangen,adaawange,3Sg,NA,Neu,Pos,adaawanged,
VAIO,?,VAIO,adaawangen,adaawange,3Sg,NA,Neu,Pos,edaawanged,
VAIO,Imp,VAIO,adaawangen,adaawange,2Sg,0Sg,Neu,Pos,adaawangen,
VAI,Ind,VAI_V,adaawangeshki,adaawangeshki,1Sg,NA,Neu,Pos,indadaawangeshk,
VAI,Ind,VAI_V,adaawangeshki,adaawangeshki,3Sg,NA,Neu,Pos,adaawangeshki,
VAI,Cnj,VAI_V,adaawangeshki,adaawangeshki,3Sg,NA,Neu,Pos,adaawangeshkid,
VAI,?,VAI_V,adaawangeshki,adaawangeshki,3Sg,NA,Neu,Pos,edaawangeshkid ,
VAI,Ind,VAI_V,adaawaage,adaawaage,1Sg,NA,Neu,Pos,indadaawaage,
VAI,Ind,VAI_V,adaawaage,adaawaage,1Sg,NA,Neu,Pos,nindadaawaage,
VAI,Ind,VAI_V,adaawaage,adaawaage,1Sg,NA,Neu,Pos,nidadaawaage,
VAI,Ind,VAI_V,adaawaage,adaawaage,3Sg,NA,Neu,Pos,adaawaage,
VAI,?,VAI_V,adaawaage,adaawaage,3Sg,NA,Neu,Pos,edaawaaged,
VAIO,Ind,VAIO,adaawaagen,adaawaage,1Sg,NA,Neu,Pos,indadaawaagen,
VAIO,Ind,VAIO,adaawaagen,adaawaage,1Sg,NA,Neu,Pos,nindadaawaagen,
VAIO,Ind,VAIO,adaawaagen,adaawaage,1Sg,NA,Neu,Pos,nidadaawaagen,
VAIO,Ind,VAIO,adaawaagen,adaawaage,3Sg,NA,Neu,Pos,odadaawaagen,
VTA,Ind,VTA_aw,adaawaagetamaw,adaawaagetamaw,1Sg,3Sg,Neu,Pos,indadaawaagetamawaa,
VTA,Ind,VTA_aw,adaawaagetamaw,adaawaagetamaw,1Sg,3Sg,Neu,Pos,indadaawaagetamowaa,
VTA,Ind,VTA_aw,adaawaagetamaw,adaawaagetamaw,3Sg,3SgObv,Neu,Pos,odadaawaagetamawaan,
VTA,Ind,VTA_aw,adaawaagetamaw,adaawaagetamaw,3Sg,3SgObv,Neu,Pos,odadaawaagetamowaan,
VTA,Cnj,VTA_aw,adaawaagetamaw,adaawaagetamaw,3Sg,3SgObv,Neu,Pos,adaawaagetamawaad,
VTA,Cnj,VTA_aw,adaawaagetamaw,adaawaagetamaw,3Sg,3SgObv,Neu,Pos,adaawaagetamowaad,
VTA,?,VTA_aw,adaawaagetamaw,adaawaagetamaw,3Sg,3SgObv,Neu,Pos,edaawaagetamawaad,
VTA,?,VTA_aw,adaawaagetamaw,adaawaagetamaw,3Sg,3SgObv,Neu,Pos,edaawaagetamowaad,
VTA,Imp,VTA_aw,adaawaagetamaw,adaawaagetamaw,2Sg,3,Neu,Pos,adaawaagetamaw,
VAI,Ind,VAI_V,adaawe,adaawe,1Sg,NA,Neu,Pos,indadaawe,
VAI,Ind,VAI_V,adaawe,adaawe,1Sg,NA,Neu,Pos,nindadaawe,
VAI,Ind,VAI_V,adaawe,adaawe,1Sg,NA,Neu,Pos,nidadaawe,
VAI,Ind,VAI_V,adaawe,adaawe,3Sg,NA,Neu,Pos,adaawe,
VAI,Cnj,VAI_V,adaawe,adaawe,3Sg,NA,Neu,Pos,adaawed,
VAI,?,VAI_V,adaawe,adaawe,3Sg,NA,Neu,Pos,edaawed,
VAIO,Ind,VAIO,adaawen,adaawe,1Sg,NA,Neu,Pos,indadaawen,
VAIO,Ind,VAIO,adaawen,adaawe,1Sg,NA,Neu,Pos,nindadaawen,
VAIO,Ind,VAIO,adaawen,adaawe,1Sg,NA,Neu,Pos,nidadaawen,
VAIO,Cnj,VAIO,adaawen,adaawe,3Sg,NA,Neu,Pos,adaawed,
VAIO,Ind,VAIO,adaawen,adaawe,3Sg,NA,Neu,Pos,odadaawen,
VAIO,?,VAIO,adaawen,adaawe,3Sg,NA,Neu,Pos,edaawed,
VAI,Ind,VAI_V,adaawensi,adaawensi,1Sg,NA,Neu,Pos,nindadaawens,
VAI,Ind,VAI_V,adaawensi,adaawensi,3Sg,NA,Neu,Pos,adaawensi,
VAI,Cnj,VAI_V,adaawensi,adaawensi,3Sg,NA,Neu,Pos,adaawensid,
VAI,?,VAI_V,adaawensi,adaawensi,3Sg,NA,Neu,Pos,edaawensid,
VTA,Ind,VTA_aw,adaawetamaw,adaawetamaw,1Sg,3Sg,Neu,Pos,nindadaawetamawaa,
VTA,Ind,VTA_aw,adaawetamaw,adaawetamaw,1Sg,3Sg,Neu,Pos,indadaawetamowaa,
VTA,Ind,VTA_aw,adaawetamaw,adaawetamaw,3Sg,3SgObv,Neu,Pos,odadaawetamawaan,
VTA,Ind,VTA_aw,adaawetamaw,adaawetamaw,3Sg,3SgObv,Neu,Pos,odadaawetamowaan,
VTA,Cnj,VTA_aw,adaawetamaw,adaawetamaw,3Sg,3SgObv,Neu,Pos,adaawetamawaad,
VTA,Cnj,VTA_aw,adaawetamaw,adaawetamaw,3Sg,3SgObv,Neu,Pos,adaawetamowaad,
VTA,?,VTA_aw,adaawetamaw,adaawetamaw,3Sg,3SgObv,Neu,Pos,edaawetamawaad,
VTA,?,VTA_aw,adaawetamaw,adaawetamaw,3Sg,3SgObv,Neu,Pos,edaawetamowaad,
VTA,Imp,VTA_aw,adaawetamaw,adaawetamaw,2Sg,3,Neu,Pos,adaawetamaw,
VAI,Ind,VAI_V,adaawetamaadiwag,adaawetamaadi,Excl,NA,Neu,Pos,indadaawetamaadimin,
VAI,Ind,VAI_V,adaawetamaadiwag,adaawetamaadi,3Pl,NA,Neu,Pos,adaawetamaadiwag,
VAI,Cnj,VAI_V,adaawetamaadiwag,adaawetamaadi,3Pl,NA,Neu,Pos,adaawetamaadiwaad,
VAI,?,VAI_V,adaawetamaadiwag,adaawetamaadi,3Pl,NA,Neu,Pos,edaawetamaadiwaad,
VAI,Imp,VAI_V,adaawetamaadiwag,adaawetamaadi,2Pl,NA,Neu,Pos,adaawetamaadig,
VAI,Ind,VAI_V,adaawetamaadizo,adaawetamaadizo,1Sg,NA,Neu,Pos,indadaawetamaadiz,
VAI,Ind,VAI_V,adaawetamaadizo,adaawetamaadizo,3Sg,NA,Neu,Pos,adaawetamaadizo,
VAI,Cnj,VAI_V,adaawetamaadizo,adaawetamaadizo,3Sg,NA,Neu,Pos,adaawetamaadizod,
VAI,?,VAI_V,adaawetamaadizo,adaawetamaadizo,3Sg,NA,Neu,Pos,edaawetamaadizod,
VAI,Ind,VAI_V,adaawetamaage,adaawetamaage,1Sg,NA,Neu,Pos,ndadawetamaage,
VAI,Ind,VAI_V,adaawetamaage,adaawetamaage,3Sg,NA,Neu,Pos,adaawetamaage,
VAI,Cnj,VAI_V,adaawetamaage,adaawetamaage,3Sg,NA,Neu,Pos,adaawetamaaged,
VAI,?,VAI_V,adaawetamaage,adaawetamaage,3Sg,NA,Neu,Pos,edaawetamaaged,
VAI,Ind,VAI_V,adaawetamaazo,adaawetamaazo,1Sg,NA,Neu,Pos,indadaawetamaaz,
VAI,Ind,VAI_V,adaawetamaazo,adaawetamaazo,1Sg,NA,Neu,Pos,nindadaawetamaaz,
VAI,Ind,VAI_V,adaawetamaazo,adaawetamaazo,1Sg,NA,Neu,Pos,nidadaawetamaaz,
VAI,Ind,VAI_V,adaawetamaazo,adaawetamaazo,3Sg,NA,Neu,Pos,adaawetamaazo,
VAI,Cnj,VAI_V,adaawetamaazo,adaawetamaazo,3Sg,NA,Neu,Pos,adaawetamaazod,
VAI,?,VAI_V,adaawetamaazo,adaawetamaazo,3Sg,NA,Neu,Pos,edaawetamaazod,
VAI,Ind,VAI_V,adaawewikwewi,adaawewikwewi,1Sg,NA,Neu,Pos,indadaawewikwew,
VAI,Ind,VAI_V,adaawewikwewi,adaawewikwewi,3Sg,NA,Neu,Pos,adaawewikwewi,
VAI,Cnj,VAI_V,adaawewikwewi,adaawewikwewi,3Sg,NA,Neu,Pos,adaawewikwewid,
VAI,?,VAI_V,adaawewikwewi,adaawewikwewi,3Sg,NA,Neu,Pos,edaawewikwewid,
VAI,Ind,VAI_V,adaawewininiikwewi,adaawewininiikwewi,1Sg,NA,Neu,Pos,indadaawewininiikwew,
VAI,Ind,VAI_V,adaawewininiikwewi,adaawewininiikwewi,3Sg,NA,Neu,Pos,adaawewininiikwewi,
VAI,Cnj,VAI_V,adaawewininiikwewi,adaawewininiikwewi,3Sg,NA,Neu,Pos,adaawewininiikwewid,
VAI,?,VAI_V,adaawewininiikwewi,adaawewininiikwewi,3Sg,NA,Neu,Pos,edaawewininiikwewid,
VAI,Ind,VAI_V,adaawewininiiwi,adaawewininiiwi,1Sg,NA,Neu,Pos,indadaawewininiiw,
VAI,Ind,VAI_V,adaawewininiiwi,adaawewininiiwi,3Sg,NA,Neu,Pos,adaawewininiiwi,
VAI,Cnj,VAI_V,adaawewininiiwi,adaawewininiiwi,3Sg,NA,Neu,Pos,adaawewininiiwid,
VAI,?,VAI_V,adaawewininiiwi,adaawewininiiwi,3Sg,NA,Neu,Pos,edaawewininiiwid,
VII,Ind,VII_VV,adikokaa,adikokaa,0Sg,NA,Neu,Pos,adikokaa,
VII,Cnj,VII_VV,adikokaa,adikokaa,0Sg,NA,Neu,Pos,adikokaag,
VTA,Ind,VTA_C,adim,adim,1Sg,3Sg,Neu,Pos,indadimaa,
VTA,Ind,VTA_C,adim,adim,1Sg,3Sg,Neu,Pos,nindadimaa,
VTA,Ind,VTA_C,adim,adim,1Sg,3Sg,Neu,Pos,nidadimaa,
VTA,Ind,VTA_C,adim,adim,3Sg,1Sg,Neu,Pos,nindadimig,
VTA,Ind,VTA_C,adim,adim,1Sg,2Sg,Neu,Pos,gidadimin,
VTA,Ind,VTA_C,adim,adim,2Sg,1Sg,Neu,Pos,gidadim,
VTA,Ind,VTA_C,adim,adim,3Sg,3SgObv,Neu,Pos,odadimaan,
VTA,Cnj,VTA_C,adim,adim,3Sg,3SgObv,Neu,Pos,adimaad,
VTA,?,VTA_C,adim,adim,3Sg,3SgObv,Neu,Pos,edimaad,
VTA,Imp,VTA_C,adim,adim,2Sg,3,Neu,Pos,adim,
VTA,Ind,VTA_Cw,adima',adima'w,1Sg,3Sg,Neu,Pos,indadima'waa,
VTA,Ind,VTA_Cw,adima',adima'w,1Sg,3Sg,Neu,Pos,nindadima'waa,
VTA,Ind,VTA_Cw,adima',adima'w,1Sg,3Sg,Neu,Pos,nidadima'waa,
VTA,Ind,VTA_Cw,adima',adima'w,3Sg,1Sg,Neu,Pos,nindadima'wig,
VTA,Ind,VTA_Cw,adima',adima'w,1Sg,2Sg,Neu,Pos,gidadima'win,
VTA,Ind,VTA_Cw,adima',adima'w,2Sg,1Sg,Neu,Pos,gidadima',
VTA,Ind,VTA_Cw,adima',adima'w,3Sg,3SgObv,Neu,Pos,odadima'waan,
VTA,Cnj,VTA_Cw,adima',adima'w,3Sg,3SgObv,Neu,Pos,adima'waad,
VTA,?,VTA_Cw,adima',adima'w,3Sg,3SgObv,Neu,Pos,edima'waad,
VTA,Imp,VTA_Cw,adima',adima'w,2Sg,3,Neu,Pos,adima',
VTA,Imp,VTA_Cw,adima',adima'w,2Sg,0,Neu,Pos,adima'wi,
VTI,Ind,VTI_am,adima'an,adima',1Sg,0Sg,Neu,Pos,nindadima'aan,
VTI,Imp,VTI_am,adima'an,adima',3Sg,0Sg,Neu,Pos,odadima'aan,
VTI,Cnj,VTI_am,adima'an,adima',3Sg,0,Neu,Pos,adima'ang,
VTI,?,VTI_am,adima'an,adima',3Sg,1,Neu,Pos,edima'ang,
VTI,Imp,VTI_am,adima'an,adima',2Sg,0,Neu,Pos,adima'an,
VTA,Ind,VTA_n,adima'azh,adima'aN,1Sg,3Sg,Neu,Pos,nindadima'anaa,
VTA,Ind,VTA_n,adima'azh,adima'aN,3Sg,3SgObv,Neu,Pos,odadima'anaan,
VTA,Cnj,VTA_n,adima'azh,adima'aN,3Sg,3SgObv,Neu,Pos,adima'anaad,
VTA,?,VTA_n,adima'azh,adima'aN,3Sg,3SgObv,Neu,Pos,edima'anaad,
VTA,Imp,VTA_n,adima'azh,adima'aN,2Sg,3,Neu,Pos,adima'azh,
VTA,Ind,VTA_aw,adimanikaw,adimanikaw,1Sg,3Sg,Neu,Pos,nindadimanikawaa,
VTA,Ind,VTA_aw,adimanikaw,adimanikaw,3Sg,3SgObv,Neu,Pos,odadimanikawaan,
VTA,Cnj,VTA_aw,adimanikaw,adimanikaw,3Sg,3SgObv,Neu,Pos,adimanikawaad,
VTA,?,VTA_aw,adimanikaw,adimanikaw,3Sg,3SgObv,Neu,Pos,edimanikawaad,
VTA,Ind,VTA_n,adimanikaazh,adimanikaaN,1Sg,3Sg,Neu,Pos,nindadimanikaanaa,
VTA,Ind,VTA_n,adimanikaazh,adimanikaaN,3Sg,3SgObv,Neu,Pos,odadimanikaanaan,
VTA,Cnj,VTA_n,adimanikaazh,adimanikaaN,3Sg,3SgObv,Neu,Pos,adimanikaanaad,
VTA,?,VTA_n,adimanikaazh,adimanikaaN,3Sg,3SgObv,Neu,Pos,edimanikaanaad,
VTA,Imp,VTA_n,adimanikaazh,adimanikaaN,2Sg,3,Neu,Pos,adimanikaazh,
VAI,Ind,VAI_V,adimanike,adimanike,1Sg,NA,Neu,Pos,nindadimanike,
VAI,Ind,VAI_V,adimanike,adimanike,3Sg,NA,Neu,Pos,adimanike,
VAI,Cnj,VAI_V,adimanike,adimanike,3Sg,NA,Neu,Pos,adimaniked,
VAI,?,VAI_V,adimanike,adimanike,3Sg,NA,Neu,Pos,edimaniked,
VTI,Ind,VTI_am,adindan,adind,1Sg,0Sg,Neu,Pos,indadindaan,
VTI,Ind,VTI_am,adindan,adind,1Sg,0Sg,Neu,Pos,nindadindaan,
VTI,Ind,VTI_am,adindan,adind,1Sg,0Sg,Neu,Pos,nidadindaan,
VTI,Ind,VTI_am,adindan,adind,3Sg,0Sg,Neu,Pos,odadindaan,
VTI,Cnj,VTI_am,adindan,adind,3Sg,0,Neu,Pos,adindang,
VTI,?,VTI_am,adindan,adind,3Sg,0,Neu,Pos,edindang,
VTA,Ind,VTA_Cw,adis,adisw,1Sg,3Sg,Neu,Pos,indadiswaa,
VTA,Ind,VTA_Cw,adis,adisw,3Sg,3SgObv,Neu,Pos,odadiswaan,
VTA,Cnj,VTA_Cw,adis,adisw,3Sg,3SgObv,Neu,Pos,adiswaad,
VTA,?,VTA_Cw,adis,adisw,3Sg,3SgObv,Neu,Pos,ediswaad,
VTA,Imp,VTA_Cw,adis,adisw,2Sg,3,Neu,Pos,adis,
VTA,Ind,VTA_aw,adisamaw,adisamaw,1Sg,3Sg,Neu,Pos,nindadisamawaa,
VTA,Ind,VTA_aw,adisamaw,adisamaw,1Sg,3Sg,Neu,Pos,ndadismawaa,
VTA,Ind,VTA_aw,adisamaw,adisamaw,3Sg,1Sg,Neu,Pos,nindadisamaag,
VTA,Ind,VTA_aw,adisamaw,adisamaw,3Sg,3SgObv,Neu,Pos,odadisamawaan,
VTA,Cnj,VTA_aw,adisamaw,adisamaw,3Sg,3SgObv,Neu,Pos,adisamawaad,
VTA,?,VTA_aw,adisamaw,adisamaw,3Sg,3SgObv,Neu,Pos,edisamawaad,
VTA,Imp,VTA_aw,adisamaw,adisamaw,2Sg,3,Neu,Pos,adisamaw,
VTI,Ind,VTI_am,adisan,adis,1Sg,0Sg,Neu,Pos,nindadisaan,
VTI,Ind,VTI_am,adisan,adis,1Sg,0Sg,Neu,Pos,indadisaan,
VTI,Ind,VTI_am,adisan,adis,3Sg,0Sg,Neu,Pos,odadisaan,
VTI,Cnj,VTI_am,adisan,adis,3Sg,0,Neu,Pos,adisang,
VTI,?,VTI_am,adisan,adis,3Sg,0,Neu,Pos,edisang,
VTI,Imp,VTI_am,adisan,adis,2Sg,1,Neu,Pos,adisan,
VII,Ind,VII_V,adisigaade,adisigaade,0Sg,NA,Neu,Pos,adisigaade,
VII,Cnj,VII_V,adisigaade,adisigaade,0Sg,NA,Neu,Pos,adisigaadeg,
VII,?,VII_V,adisigaade,adisigaade,0Sg,NA,Neu,Pos,edisigaadeg,
VAI,Ind,VAI_V,adisigaazo,adisigaazo,3Sg,NA,Neu,Pos,adisigaazo,
VAI,Cnj,VAI_V,adisigaazo,adisigaazo,3Sg,NA,Neu,Pos,adisigaazod,
VAI,?,VAI_V,adisigaazo,adisigaazo,3Sg,NA,Neu,Pos,edisigaazod,
VAI,Ind,VAI_V,adisige,adisige,1Sg,NA,Neu,Pos,nindadisige,
VAI,Ind,VAI_V,adisige,adisige,1Sg,NA,Neu,Pos,indadisige,
VAI,Ind,VAI_V,adisige,adisige,1Sg,NA,Neu,Pos,nidadisige,
VAI,Ind,VAI_V,adisige,adisige,3Sg,NA,Neu,Pos,adisige,
VAI,Cnj,VAI_V,adisige,adisige,3Sg,NA,Neu,Pos,adisiged,
VAI,?,VAI_V,adisige,adisige,3Sg,NA,Neu,Pos,edisiged,
VAI,Ind,VAI_V,adiso,adiso,3Sg,NA,Neu,Pos,adiso,
VAI,Cnj,VAI_V,adiso,adiso,3Sg,NA,Neu,Pos,adisod,
VAI,?,VAI_V,adiso,adiso,3Sg,NA,Neu,Pos,edisod,
VTA,Ind,VTA_Cw,adiswi,adisw,1Sg,3Sg,Neu,Pos,nindadiswaa,
VTA,Ind,VTA_Cw,adiswi,adisw,3Sg,3SgObv,Neu,Pos,odadiswaan,
VTA,Cnj,VTA_Cw,adiswi,adisw,3Sg,3SgObv,Neu,Pos,adiswaad,
VTA,?,VTA_Cw,adiswi,adisw,3Sg,3SgObv,Neu,Pos,ediswaad,
VTA,Imp,VTA_Cw,adiswi,adisw,2Sg,3,Neu,Pos,adiswi,
VII,Ind,VII_V,adite,adite,0Sg,NA,Neu,Pos,adite,
VII,Cnj,VII_V,adite,adite,0Sg,NA,Neu,Pos,aditeg,
VII,?,VII_V,adite,adite,0Sg,NA,Neu,Pos,editeg,
VII,Ind,VII_V,adite,adite,0Sg,NA,Neu,Pos,aditemagad,
VII,Ind,VII_VV,aditebagaa,aditebagaa,0Sg,NA,Neu,Pos,aditebagaa,
VII,Cnj,VII_VV,aditebagaa,aditebagaa,0Sg,NA,Neu,Pos,aditebagaag,
VII,Ind,VII_VV,adoopiikaa,adoopiikaa,0Sg,NA,Neu,Pos,adoopiikaa,
VAIO,Ind,VAIO,adoopon,adoopo,1Sg,0Sg,Neu,Pos,indadoopon,
VAIO,Ind,VAIO,adoopon,adoopo,3Sg,0Sg,Neu,Pos,odadoopon,
VAIO,Cnj,VAIO,adoopon,adoopo,3Sg,0,Neu,Pos,adoopod,
VAIO,?,VAIO,adoopon,adoopo,3Sg,0,Neu,Pos,edoopod,
VAIO,Imp,VAIO,adoopon,adoopo,2Sg,0,Neu,Pos,adoopon,
VTI,Ind,VTI_am,agadendan,agadend,1Sg,0Sg,Neu,Pos,indagadendaan,
VTI,Ind,VTI_am,agadendan,agadend,1Sg,0Sg,Neu,Pos,nindagadendaan,
VTI,Ind,VTI_am,agadendan,agadend,1Sg,0Sg,Neu,Pos,nidagadendaan,
VTI,Ind,VTI_am,agadendan,agadend,3Sg,0Sg,Neu,Pos,odagadendaan,
VTI,Cnj,VTI_am,agadendan,agadend,3Sg,0,Neu,Pos,agadendang,
VTI,?,VTI_am,agadendan,agadend,3Sg,0,Neu,Pos,egadendang,
VAI,Ind,VAI_V,agadendaagozi,agadendaagozi,1Sg,NA,Neu,Pos,indagadendaagoz,
VAI,Ind,VAI_V,agadendaagozi,agadendaagozi,1Sg,NA,Neu,Pos,nindagadendaagoz,
VAI,Ind,VAI_V,agadendaagozi,agadendaagozi,1Sg,NA,Neu,Pos,nidagadendaagoz,
VAI,Ind,VAI_V,agadendaagozi,agadendaagozi,3Sg,NA,Neu,Pos,agadendaagozi,
VAI,Cnj,VAI_V,agadendaagozi,agadendaagozi,3Sg,NA,Neu,Pos,agadendaagozid,
VAI,?,VAI_V,agadendaagozi,agadendaagozi,3Sg,NA,Neu,Pos,egadendaagozid,
VII,Ind,VII_d,agadendaagwad,agadendaagwad,0Sg,NA,Neu,Pos,agadendaagwad,
VII,Cnj,VII_d,agadendaagwad,agadendaagwad,0Sg,NA,Neu,Pos,agadendaagwak,
VII,?,VII_d,agadendaagwad,agadendaagwad,0Sg,NA,Neu,Pos,egadendaagwak,
VTA,Ind,VTA_C,agadenim,agadenim,1Sg,3Sg,Neu,Pos,nindagadenimaa,
VTA,Ind,VTA_C,agadenim,agadenim,3Sg,1Sg,Neu,Pos,nindagadenimig,
VTA,Ind,VTA_C,agadenim,agadenim,1Sg,2Sg,Neu,Pos,gidagadenimin,
VTA,Ind,VTA_C,agadenim,agadenim,2Sg,1Sg,Neu,Pos,gidagadenim,
VTA,Ind,VTA_C,agadenim,agadenim,3Sg,3SgObv,Neu,Pos,odagadenimaan,
VTA,Cnj,VTA_C,agadenim,agadenim,3Sg,3SgObv,Neu,Pos,agadenimaad,
VTA,?,VTA_C,agadenim,agadenim,3Sg,3SgObv,Neu,Pos,egadenimaad,
VAI,Ind,VAI_V,agaji,agaji,1Sg,NA,Neu,Pos,indagaj,
VAI,Ind,VAI_V,agaji,agaji,1Sg,NA,Neu,Pos,nindagaj,
VAI,Ind,VAI_V,agaji,agaji,1Sg,NA,Neu,Pos,nidagaj,
VAI,Imp,VAI_V,agaji,agaji,3Sg,NA,Neu,Pos,agaji,
VAI,Cnj,VAI_V,agaji,agaji,3Sg,NA,Neu,Pos,agajid,
VAI,?,VAI_V,agaji,agaji,3Sg,NA,Neu,Pos,egajid,
VTA,Ind,VTA_C,agaji',agaji',1Sg,3Sg,Neu,Pos,indagaji'aa,
VTA,Ind,VTA_C,agaji',agaji',1Sg,3Sg,Neu,Pos,nindagaji'aa,
VTA,Ind,VTA_C,agaji',agaji',1Sg,3Sg,Neu,Pos,nidagaji'aa,
VTA,Ind,VTA_C,agaji',agaji',3Sg,3SgObv,Neu,Pos,odagaji'aan,
VTA,Cnj,VTA_C,agaji',agaji',3Sg,3SgObv,Neu,Pos,agaji'aad,
VTA,?,VTA_C,agaji',agaji',3Sg,3SgObv,Neu,Pos,egaji'aad,
VTA,?,VTA_C,agaji',agaji',2Sg,3,Neu,Pos,agaji',
VAI,Ind,VAI_V,agaji'iwe,agaji'iwe,1Sg,NA,Neu,Pos,ndagaji'iwe,
VAI,Ind,VAI_V,agaji'iwe,agaji'iwe,3Sg,NA,Neu,Pos,agaji'iwe,
VAI,Cnj,VAI_V,agaji'iwe,agaji'iwe,3Sg,NA,Neu,Pos,agaji'iwed,
VAI,?,VAI_V,agaji'iwe,agaji'iwe,3Sg,NA,Neu,Pos,egaji'iwed,
VAI,Ind,VAI_V,agajishki,agajishki,1Sg,NA,Neu,Pos,indagajishk,
VAI,Ind,VAI_V,agajishki,agajishki,1Sg,NA,Neu,Pos,nindagajishk,
VAI,Ind,VAI_V,agajishki,agajishki,1Sg,NA,Neu,Pos,nidagajishk,
VAI,Imp,VAI_V,agajishki,agajishki,3Sg,NA,Neu,Pos,agajishki,
VAI,Cnj,VAI_V,agajishki,agajishki,3Sg,NA,Neu,Pos,agajishkid,
VAI,?,VAI_V,agajishki,agajishki,3Sg,NA,Neu,Pos,egajishkid,
VTI,Ind,VTI_oo,agajitoon,agajit,1Sg,0Sg,Neu,Pos,indagajitoon,
VTI,Ind,VTI_oo,agajitoon,agajit,3Sg,0Sg,Neu,Pos,odagajitoon,
VTI,Cnj,VTI_oo,agajitoon,agajit,3Sg,0,Neu,Pos,agajitood,
VTI,?,VTI_oo,agajitoon,agajit,3Sg,0,Neu,Pos,egajitood,
VTA,Ind,VTA_aw,agajiitaw,agajiitaw,1Sg,3Sg,Neu,Pos,indagajiitawaa,
VTA,Ind,VTA_aw,agajiitaw,agajiitaw,1Sg,3Sg,Neu,Pos,nindagajiitawaa,
VTA,Ind,VTA_aw,agajiitaw,agajiitaw,1Sg,3Sg,Neu,Pos,nidagajiitawaa,
VTA,Ind,VTA_aw,agajiitaw,agajiitaw,3Sg,3SgObv,Neu,Pos,odagajiitawaan,
VTA,Cnj,VTA_aw,agajiitaw,agajiitaw,3Sg,3SgObv,Neu,Pos,agajiitawaad,
VTA,?,VTA_aw,agajiitaw,agajiitaw,3Sg,3SgObv,Neu,Pos,egajiitawaad,
VTA,Imp,VTA_aw,agajiitaw,agajiitaw,3Obv,3,Neu,Pos,agajiitaw,
VAI,Ind,VAI_V,agawaatebi,agawaatebi,1Sg,NA,Neu,Pos,indagawaateb,
VAI,Ind,VAI_V,agawaatebi,agawaatebi,3Sg,NA,Neu,Pos,agawaatebi,
VAI,Cnj,VAI_V,agawaatebi,agawaatebi,3Sg,NA,Neu,Pos,agawaatebid,
VAI,?,VAI_V,agawaatebi,agawaatebi,3Sg,NA,Neu,Pos,egawaatebid,
VII,Ind,VII_n,agawaatebiigisin,agawaatebiigisin,0Sg,NA,Neu,Pos,agawaatebiigisin,
VII,Cnj,VII_n,agawaatebiigisin,agawaatebiigisin,0Sg,NA,Neu,Pos,agawaatebiigising,
VII,?,VII_n,agawaatebiigisin,agawaatebiigisin,0Sg,NA,Neu,Pos,egawaatebiigising,
VAI,Ind,VAI_n,agawaatebiigishin,agawaatebiigishin,1Sg,NA,Neu,Pos,indagawaatebiigishin,
VAI,Ind,VAI_n,agawaatebiigishin,agawaatebiigishin,1Sg,NA,Neu,Pos,nindagawaatebiigishin,
VAI,Ind,VAI_n,agawaatebiigishin,agawaatebiigishin,1Sg,NA,Neu,Pos,nidagawaatebiigishin,
VAI,Ind,VAI_n,agawaatebiigishin,agawaatebiigishin,3Sg,NA,Neu,Pos,agawaatebiigishin,
VAI,Cnj,VAI_n,agawaatebiigishin,agawaatebiigishin,3Sg,NA,Neu,Pos,agawaatebiigishing,
VAI,?,VAI_n,agawaatebiigishin,agawaatebiigishin,3Sg,NA,Neu,Pos,egawaatebiigishing,
VAI,Ind,VAI_V,agawaatese,agawaatese,3Sg,NA,Neu,Pos,agawaatese,
VAI,Cnj,VAI_V,agawaatese,agawaatese,3Sg,NA,Neu,Pos,agawaatesed,
VAI,?,VAI_V,agawaatese,agawaatese,3Sg,NA,Neu,Pos,egawaatesed,
VII,Ind,VII_V,agawaatese,agawaatese,0Sg,NA,Neu,Pos,agawaatese,
VII,Cnj,VII_V,agawaatese,agawaatese,0Sg,NA,Neu,Pos,agawaateseg,
VII,?,VII_V,agawaatese,agawaatese,0Sg,NA,Neu,Pos,egawaateseg,
VII,Ind,VII_V,agawaatese,agawaatese,0Sg,?,Neu,Pos,agawaatesemagad,
VII,Ind,VII_n,agawaatesin,agawaatesin,0Sg,NA,Neu,Pos,agawaatesin,
VII,Cnj,VII_n,agawaatesin,agawaatesin,0Sg,NA,Neu,Pos,agawaatesing,
VII,?,VII_n,agawaatesin,agawaatesin,0Sg,NA,Neu,Pos,egawaatesing,
VAI,Ind,VAI_n,agawaateshin,agawaateshin,1Sg,NA,Neu,Pos,indagawaateshin,
VAI,Ind,VAI_n,agawaateshin,agawaateshin,1Sg,NA,Neu,Pos,nindagawaateshin,
VAI,Ind,VAI_n,agawaateshin,agawaateshin,1Sg,NA,Neu,Pos,nidagawaateshin,
VAI,Ind,VAI_n,agawaateshin,agawaateshin,3Sg,NA,Neu,Pos,agawaateshin,
VAI,Cnj,VAI_n,agawaateshin,agawaateshin,3Sg,NA,Neu,Pos,agawaateshing,
VAI,?,VAI_n,agawaateshin,agawaateshin,3Sg,NA,Neu,Pos,egawaateshing,
VTI,Ind,VTI_am,agawaateshkan,agawaateshk,1Sg,0Sg,Neu,Pos,indagawaateshkaan,
VTI,Ind,VTI_am,agawaateshkan,agawaateshk,1Sg,0Sg,Neu,Pos,nindagawaateshkaan,
VTI,Ind,VTI_am,agawaateshkan,agawaateshk,1Sg,0Sg,Neu,Pos,nidagawaateshkaan,
VTI,Ind,VTI_am,agawaateshkan,agawaateshk,3Sg,0Sg,Neu,Pos,odagawaateshkaan,
VTI,Cnj,VTI_am,agawaateshkan,agawaateshk,3Sg,0,Neu,Pos,agawaateshkang,
VTI,?,VTI_am,agawaateshkan,agawaateshk,3Sg,0,Neu,Pos,egawaateshkang,
VTA,Ind,VTA_aw,agawaateshkaw,agawaateshkaw,1Sg,3Sg,Neu,Pos,indagawaateshkawaa,
VTA,Ind,VTA_aw,agawaateshkaw,agawaateshkaw,1Sg,3Sg,Neu,Pos,nindagawaateshkawaa,
VTA,Ind,VTA_aw,agawaateshkaw,agawaateshkaw,1Sg,3Sg,Neu,Pos,nidagawaateshkawaa,
VTA,Ind,VTA_aw,agawaateshkaw,agawaateshkaw,3Sg,3SgObv,Neu,Pos,odagawaateshkawaan,
VTA,Cnj,VTA_aw,agawaateshkaw,agawaateshkaw,3Sg,3SgObv,Neu,Pos,agawaateshkawaad,
VTA,?,VTA_aw,agawaateshkaw,agawaateshkaw,3Sg,3SgObv,Neu,Pos,egawaateshkawaad,
VTA,Imp,VTA_aw,agawaateshkaw,agawaateshkaw,2Sg,3,Neu,Pos,agawaateshkaw,
VII,Ind,VII_VV,agawaateshkaa,agawaateshkaa,0Sg,NA,Neu,Pos,agawaateshkaa,
VII,Cnj,VII_VV,agawaateshkaa,agawaateshkaa,0Sg,NA,Neu,Pos,agawaateshkaag,
VII,?,VII_VV,agawaateshkaa,agawaateshkaa,0Sg,NA,Neu,Pos,egawaateshkaag,
VAI,Ind,VAI_VV,agawaateshkaa,agawaateshkaa,3Sg,NA,Neu,Pos,agawaateshkaa,
VAI,Cnj,VAI_VV,agawaateshkaa,agawaateshkaa,3Sg,NA,Neu,Pos,agawaateshkaad,
VAI,?,VAI_VV,agawaateshkaa,agawaateshkaa,3Sg,NA,Neu,Pos,egawaateshkaad,
VII,Ind,VII_VV,agawaateyaa,agawaateyaa,0Sg,NA,Neu,Pos,agawaateyaa,
VII,Cnj,VII_VV,agawaateyaa,agawaateyaa,0Sg,NA,Neu,Pos,agawaateyaag,
VII,?,VII_VV,agawaateyaa,agawaateyaa,0Sg,NA,Neu,Pos,egawaateyaag,
VII,Ind,VII_VV,agawaateyaa,agawaateyaa,0Sg,?,Neu,Pos,agawaateyaamagad,
VAI,Ind,VAI_V,agazitaagozi,agazitaagozi,3Sg,NA,Neu,Pos,agazitaagozi,
VAI,Cnj,VAI_V,agazitaagozi,agazitaagozi,3Sg,NA,Neu,Pos,agazitaagozid,
VAI,?,VAI_V,agazitaagozi,agazitaagozi,3Sg,NA,Neu,Pos,egazitaagozid,
VII,Ind,VII_d,agazitaagwad,agazitaagwad,0Sg,NA,Neu,Pos,agazitaagwad,
VII,Cnj,VII_d,agazitaagwad,agazitaagwad,0Sg,NA,Neu,Pos,agazitaagwak,
VII,?,VII_d,agazitaagwad,agazitaagwad,0Sg,NA,Neu,Pos,egazitaagwak,
VTA,Ind,VTA_C,agazom,agazom,1Sg,3Sg,Neu,Pos,nindagazomaa,
VTA,Ind,VTA_C,agazom,agazom,3Sg,1Sg,Neu,Pos,nindagazomig,
VTA,Ind,VTA_C,agazom,agazom,2Sg,1Sg,Neu,Pos,gidagazom,
VTA,Ind,VTA_C,agazom,agazom,1Sg,2Sg,Neu,Pos,gidagazomin,
VTA,Ind,VTA_C,agazom,agazom,3Sg,3SgObv,Neu,Pos,odagazomaan,
VTA,Cnj,VTA_C,agazom,agazom,3Sg,3SgObv,Neu,Pos,agazomaad,
VTA,?,VTA_C,agazom,agazom,3Sg,3SgObv,Neu,Pos,egazomaad,
VAI,Ind,VAI_V,agazondiwag,agazondi,Excl,NA,Neu,Pos,nindagazondimin,
VAI,Ind,VAI_V,agazondiwag,agazondi,3Pl,NA,Neu,Pos,agazondiwag,
VAI,Cnj,VAI_V,agazondiwag,agazondi,3Pl,NA,Neu,Pos,agazondiwaad,
VAI,?,VAI_V,agazondiwag,agazondi,3Pl,NA,Neu,Pos,egazondiwaad,
VAI,Ind,VAI_V,agazondizo,agazondizo,1Sg,NA,Neu,Pos,indagazondiz,
VAI,Ind,VAI_V,agazondizo,agazondizo,3Sg,NA,Neu,Pos,agazondizo,
VAI,Cnj,VAI_V,agazondizo,agazondizo,3Sg,NA,Neu,Pos,agazondizod,
VAI,?,VAI_V,agazondizo,agazondizo,3Sg,NA,Neu,Pos,egazondizod,
VAI,Ind,VAI_V,agazonge,agazonge,1Sg,NA,Neu,Pos,indagazonge,
VAI,Ind,VAI_V,agazonge,agazonge,1Sg,NA,Neu,Pos,nindagazonge,
VAI,Ind,VAI_V,agazonge,agazonge,1Sg,NA,Neu,Pos,nidagazonge,
VAI,Ind,VAI_V,agazonge,agazonge,3Sg,NA,Neu,Pos,agazonge,
VAI,Cnj,VAI_V,agazonge,agazonge,3Sg,NA,Neu,Pos,agazonged,
VAI,?,VAI_V,agazonge,agazonge,3Sg,NA,Neu,Pos,egazonged,
VTA,Ind,VTA_aw,agaamindekaw,agaamindekaw,1Sg,3Sg,Neu,Pos,nindagaamindekawaa,
VTA,Ind,VTA_aw,agaamindekaw,agaamindekaw,3Sg,3SgObv,Neu,Pos,odagaamindekawaan,
VTA,Cnj,VTA_aw,agaamindekaw,agaamindekaw,3Sg,3SgObv,Neu,Pos,agaamindekawaad,
VTA,?,VTA_aw,agaamindekaw,agaamindekaw,3Sg,3SgObv,Neu,Pos,egaamindekawaad,
VTA,Imp,VTA_aw,agaamindekaw,agaamindekaw,2Sg,3,Neu,Pos,agaamindekaw,
VAI,Ind,VAI_V,agaamindekodaadiwag,agaamindekodaadi,Excl,NA,Neu,Pos,nindagaamindekodaadimin,
VAI,Ind,VAI_V,agaamindekodaadiwag,agaamindekodaadi,3Pl,NA,Neu,Pos,agaamindekodaadiwag,
VAI,Cnj,VAI_V,agaamindekodaadiwag,agaamindekodaadi,3Pl,NA,Neu,Pos,agaamindekodaadiwaad,
VAI,?,VAI_V,agaamindekodaadiwag,agaamindekodaadi,3Pl,NA,Neu,Pos,egaamindekodaadiwaad,
VII,Ind,VII_VV,agaasadegamaa,agaasadegamaa,0Sg,NA,Neu,Pos,agaasadegamaa,
VTA,Ind,VTA_C,agaasade',agaasade',1Sg,3Sg,Neu,Pos,indagaasade'aa,
VTA,Ind,VTA_C,agaasade',agaasade',1Sg,3Sg,Neu,Pos,nindagaasade'aa,
VTA,Ind,VTA_C,agaasade',agaasade',1Sg,3Sg,Neu,Pos,nidagaasade'aa,
VTA,Ind,VTA_C,agaasade',agaasade',3Sg,3SgObv,Neu,Pos,odagaasade'aan,
VTA,Cnj,VTA_C,agaasade',agaasade',3Sg,3SgObv,Neu,Pos,agaasade'aad,
VTA,?,VTA_C,agaasade',agaasade',3Sg,3SgObv,Neu,Pos,egaasade'aad,
VTA,Imp,VTA_C,agaasade',agaasade',3Obv,0,Neu,Pos,agaasade',
VII,Ind,VII_VV,agaasadekamigaa,agaasadekamigaa,0Sg,NA,Neu,Pos,agaasadekamigaa,
VII,Cnj,VII_VV,agaasadekamigaa,agaasadekamigaa,0Sg,NA,Neu,Pos,agaasadekamigaag,
VII,Ind,VII_V,agaasademon,agaasademo,0Sg,NA,Neu,Pos,agaasademon,
VII,Cnj,VII_V,agaasademon,agaasademo,0Sg,NA,Neu,Pos,agaasademog,
VII,?,VII_V,agaasademon,agaasademo,0Sg,NA,Neu,Pos,egaasademog,
VAI,Ind,VAI_V,agaasadengwe,agaasadengwe,1Sg,NA,Neu,Pos,indagaasadengwe,
VAI,Ind,VAI_V,agaasadengwe,agaasadengwe,1Sg,NA,Neu,Pos,nindagaasadengwe,
VAI,Ind,VAI_V,agaasadengwe,agaasadengwe,1Sg,NA,Neu,Pos,nidagaasadengwe,
VAI,Imp,VAI_V,agaasadengwe,agaasadengwe,3Sg,NA,Neu,Pos,agaasadengwe,
VAI,Cnj,VAI_V,agaasadengwe,agaasadengwe,3Sg,NA,Neu,Pos,agaasadengwed,
VAI,?,VAI_V,agaasadengwe,agaasadengwe,3Sg,NA,Neu,Pos,egaasadengwed,
VII,Ind,VII_VV,agaasadesagaa,agaasadesagaa,0Sg,NA,Neu,Pos,agaasadesagaa,
VII,Cnj,VII_VV,agaasadesagaa,agaasadesagaa,0Sg,NA,Neu,Pos,agaasadesagaag,
VII,?,VII_VV,agaasadesagaa,agaasadesagaa,0Sg,NA,Neu,Pos,egaasadesagaag,
VII,Ind,VII_VV,agaasadetigweyaa,agaasadetigweyaa,0Sg,NA,Neu,Pos,agaasadetigweyaa,
VII,Cnj,VII_VV,agaasadetigweyaa,agaasadetigweyaa,0Sg,NA,Neu,Pos,agaasadetigweyaag,
VII,?,VII_VV,agaasadetigweyaa,agaasadetigweyaa,0Sg,NA,Neu,Pos,egaasadetigweyaag,
VII,Ind,VII_VV,agaasadetigweyaa,agaasadetigweyaa,0Sg,NA,Neu,Pos,agaasadetigweyaamagad,
VTI,Ind,VTI_oo,agaasadetoon,agaasadet,1Sg,0Sg,Neu,Pos,indagaasadetoon,
VTI,Ind,VTI_oo,agaasadetoon,agaasadet,1Sg,0Sg,Neu,Pos,nindagaasadetoon,
VTI,Ind,VTI_oo,agaasadetoon,agaasadet,1Sg,0Sg,Neu,Pos,nidagaasadetoon,
VTI,Ind,VTI_oo,agaasadetoon,agaasadet,3Sg,0Sg,Neu,Pos,odagaasadetoon,
VTI,Cnj,VTI_oo,agaasadetoon,agaasadet,3Sg,0,Neu,Pos,agaasadetood,
VTI,?,VTI_oo,agaasadetoon,agaasadet,3Sg,0,Neu,Pos,egaasadetood,
VTI,Imp,VTI_oo,agaasadetoon,agaasadet,2Sg,0,Neu,Pos,agaasadetoon,
VII,Ind,VII_VV,agaasadeyaa,agaasadeyaa,0Sg,NA,Neu,Pos,agaasadeyaa,
VII,Cnj,VII_VV,agaasadeyaa,agaasadeyaa,0Sg,NA,Neu,Pos,agaasadeyaag,
VII,?,VII_VV,agaasadeyaa,agaasadeyaa,0Sg,NA,Neu,Pos,egaasadeyaag,
VII,Ind,VII_VV,agaasadeyaa,agaasadeyaa,0Sg,?,Neu,Pos,agaasadeyaamagad,
VII,Ind,VII_d,agaasadeyaabikad,agaasadeyaabikad,0Sg,NA,Neu,Pos,agaasadeyaabikad,
VII,Cnj,VII_d,agaasadeyaabikad,agaasadeyaabikad,0Sg,NA,Neu,Pos,agaasadeyaabikak,
VII,?,VII_d,agaasadeyaabikad,agaasadeyaabikad,0Sg,NA,Neu,Pos,egaasadeyaabikak,
VAI,Ind,VAI_V,agaasadeyaabikizi,agaasadeyaabikizi,3Sg,NA,Neu,Pos,agaasadeyaabikizi,
VAI,Cnj,VAI_V,agaasadeyaabikizi,agaasadeyaabikizi,3Sg,NA,Neu,Pos,agaasadeyaabikizid,
VAI,?,VAI_V,agaasadeyaabikizi,agaasadeyaabikizi,3Sg,NA,Neu,Pos,egaasadeyaabikizid,
VII,Imp,VII_d,agaasadeyaabiigad,agaasadeyaabiigad,0Sg,NA,Neu,Pos,agaasadeyaabiigad,
VII,Cnj,VII_d,agaasadeyaabiigad,agaasadeyaabiigad,0Sg,NA,Neu,Pos,agaasadeyaabiigak,
VII,?,VII_d,agaasadeyaabiigad,agaasadeyaabiigad,0Sg,NA,Neu,Pos,egaasadeyaabiigak,
VAI,Ind,VAI_V,agaasadeyaabiigizi,agaasadeyaabiigizi,3Sg,NA,Neu,Pos,agaasadeyaabiigizi,
VAI,Cnj,VAI_V,agaasadeyaabiigizi,agaasadeyaabiigizi,3Sg,NA,Neu,Pos,agaasadeyaabiigizid,
VAI,?,VAI_V,agaasadeyaabiigizi,agaasadeyaabiigizi,3Sg,NA,Neu,Pos,egaasadeyaabiigizid,
VAI,Ind,VAI_V,agaasadeyaakozi,agaasadeyaakozi,3Sg,NA,Neu,Pos,agaasadeyaakozi,
VAI,Cnj,VAI_V,agaasadeyaakozi,agaasadeyaakozi,3Sg,NA,Neu,Pos,agaasadeyaakozid,
VAI,?,VAI_V,agaasadeyaakozi,agaasadeyaakozi,3Sg,NA,Neu,Pos,egaasadeyaakozid,
VII,Ind,VII_d,agaasadeyaakwad,agaasadeyaakwad,0Sg,NA,Neu,Pos,agaasadeyaakwad,
VII,Cnj,VII_d,agaasadeyaakwad,agaasadeyaakwad,0Sg,NA,Neu,Pos,agaasadeyaakwak,
VII,?,VII_d,agaasadeyaakwad,agaasadeyaakwad,0Sg,NA,Neu,Pos,egaasadeyaakwak,
VII,Ind,VII_d,agaasadeyiigad,agaasadeyiigad,0Sg,NA,Neu,Pos,agaasadeyiigad,
VII,Cnj,VII_d,agaasadeyiigad,agaasadeyiigad,0Sg,NA,Neu,Pos,agaasadeyiigak,
VII,?,VII_d,agaasadeyiigad,agaasadeyiigad,0Sg,NA,Neu,Pos,egaasadeyiigak,
VAI,Ind,VAI_V,agaasadeyiigizi,agaasadeyiigizi,0Sg,NA,Neu,Pos,agaasadeyiigizi,
VAI,Cnj,VAI_V,agaasadeyiigizi,agaasadeyiigizi,3Sg,NA,Neu,Pos,agaasadeyiigizid,
VAI,?,VAI_V,agaasadeyiigizi,agaasadeyiigizi,3Sg,NA,Neu,Pos,egaasadeyiigizid,
VII,Ind,VII_d,agaasadeyoonagad,agaasadeyoonagad,0Sg,NA,Neu,Pos,agaasadeyoonagad,
VII,Cnj,VII_d,agaasadeyoonagad,agaasadeyoonagad,0Sg,NA,Neu,Pos,agaasadeyoonagak,
VII,?,VII_d,agaasadeyoonagad,agaasadeyoonagad,0Sg,NA,Neu,Pos,egaasadeyoonagak,
VTI,Ind,VTI_am,agaasadezhan,agaasadezh,1Sg,0Sg,Neu,Pos,nindagaasadezhaan,
VTI,Ind,VTI_am,agaasadezhan,agaasadezh,3Sg,0Sg,Neu,Pos,odagaasadezhaan,
VTI,Cnj,VTI_am,agaasadezhan,agaasadezh,3Sg,0,Neu,Pos,agaasadezhang,
VTI,?,VTI_am,agaasadezhan,agaasadezh,3Sg,0,Neu,Pos,egaasadezhang,
VTI,Imp,VTI_am,agaasadezhan,agaasadezh,2Sg,0,Neu,Pos,agaasadezhan,
VAI,Ind,VAI_V,agaasadezi,agaasadezi,3Sg,NA,Neu,Pos,agaasadezi,
VAI,Cnj,VAI_V,agaasadezi,agaasadezi,3Sg,NA,Neu,Pos,agaasadezid,
VAI,?,VAI_V,agaasadezi,agaasadezi,3Sg,NA,Neu,Pos,egaasadezid,
VAI,Ind,VAI_V,agaasadezide,agaasadezide,1Sg,NA,Neu,Pos,indagaasadezide,
VAI,Ind,VAI_V,agaasadezide,agaasadezide,3Sg,NA,Neu,Pos,agaasadezide,
VAI,Cnj,VAI_V,agaasadezide,agaasadezide,3Sg,NA,Neu,Pos,agaasadezided,
VAI,?,VAI_V,agaasadezide,agaasadezide,3Sg,NA,Neu,Pos,egaasadezided,
VTA,Ind,VTA_Cw,agaasadezhwi,agaasadezhw,1Sg,3Sg,Neu,Pos,nindagaasadezhwaa,
VTA,Ind,VTA_Cw,agaasadezhwi,agaasadezhw,3Sg,3SgObv,Neu,Pos,odagaasadezhwaan,
VTA,Cnj,VTA_Cw,agaasadezhwi,agaasadezhw,3Sg,3SgObv,Neu,Pos,agaasadezhwaad,
VTA,?,VTA_Cw,agaasadezhwi,agaasadezhw,3Sg,3SgObv,Neu,Pos,egaasadezhwaad,
VTA,Imp,VTA_Cw,agaasadezhwi,agaasadezhw,2Sg,3,Neu,Pos,agaasadezhwi,
VII,Ind,VII_VV,agaasadinaa,agaasadinaa,0Sg,NA,Neu,Pos,agaasadinaa,
VII,Cnj,VII_VV,agaasadinaa,agaasadinaa,0Sg,NA,Neu,Pos,agaasadinaag,
VII,?,VII_VV,agaasadinaa,agaasadinaa,0Sg,NA,Neu,Pos,egaasadinaag,
VII,Ind,VII_VV,agaasadinaa,agaasadinaa,0Sg,?,Neu,Pos,agaasadinaamagad,
VII,Ind,VII_VV,agaasashkiigaa,agaasashkiigaa,0Sg,NA,Neu,Pos,agaasashkiigaa,
VII,Cnj,VII_VV,agaasashkiigaa,agaasashkiigaa,0Sg,NA,Neu,Pos,agaasashkiigaag,
VII,Ind,VII_V,agaasate,agaasate,0Sg,NA,Neu,Pos,agaasate,
VII,Cnj,VII_V,agaasate,agaasate,0Sg,NA,Neu,Pos,agaasateg,
VII,?,VII_V,agaasate,agaasate,0Sg,NA,Neu,Pos,egaasateg,
VII,Ind,VII_V,agaasate,agaasate,0Sg,?,Neu,Pos,agaasatemagad,
VII,Ind,VII_VV,agaasaa,agaasaa,0Sg,NA,Neu,Pos,agaasaa,
VII,Cnj,VII_VV,agaasaa,agaasaa,0Sg,NA,Neu,Pos,agaasaag,
VII,?,VII_VV,agaasaa,agaasaa,0Sg,NA,Neu,Pos,egaasaag,
VII,Ind,VII_VV,agaasaa,agaasaa,0Sg,NA,Neu,Pos,agaasaamagad,
VAI,Cnj,VAI_V,agaasaabaminaagozi,agaasaabaminaagozi,3Sg,NA,Neu,Pos,agaasaabaminaagozid,
VAI,Ind,VAI_V,agaasaabaminaagozi,agaasaabaminaagozi,3Sg,NA,Neu,Pos,agaasaabaminaagozi,
VAI,?,VAI_V,agaasaabaminaagozi,agaasaabaminaagozi,3Sg,NA,Neu,Pos,egaasaabaminaagozid,
VII,Ind,VII_d,agaasaabikad,agaasaabikad,0Sg,NA,Neu,Pos,agaasaabikad,
VII,Cnj,VII_d,agaasaabikad,agaasaabikad,0Sg,NA,Neu,Pos,agaasaabikak,
VII,?,VII_d,agaasaabikad,agaasaabikad,0Sg,NA,Neu,Pos,egaasaabikak,
VAI,Ind,VAI_V,agaasaabikizi,agaasaabikizi,3Sg,NA,Neu,Pos,agaasaabikizi,
VAI,Cnj,VAI_V,agaasaabikizi,agaasaabikizi,3Sg,NA,Neu,Pos,agaasaabikizid,
VAI,?,VAI_V,agaasaabikizi,agaasaabikizi,3Sg,NA,Neu,Pos,egaasaabikizid,
VII,Imp,VII_d,agaasaabiigad,agaasaabiigad,0Sg,NA,Neu,Pos,agaasaabiigad,
VII,Cnj,VII_d,agaasaabiigad,agaasaabiigad,0Sg,NA,Neu,Pos,agaasaabiigak,
VII,?,VII_d,agaasaabiigad,agaasaabiigad,0Sg,NA,Neu,Pos,egaasaabiigak,
VAI,Imp,VAI_V,agaasaabiigizi,agaasaabiigizi,3Sg,NA,Neu,Pos,agaasaabiigizi,
VAI,Cnj,VAI_V,agaasaabiigizi,agaasaabiigizi,3Sg,NA,Neu,Pos,agaasaabiigizid,
VAI,?,VAI_V,agaasaabiigizi,agaasaabiigizi,3Sg,NA,Neu,Pos,egaasaabiigizid,
VAI,Ind,VAI_V,agaasaakozi,agaasaakozi,3Sg,NA,Neu,Pos,agaasaakozi,
VAI,Cnj,VAI_V,agaasaakozi,agaasaakozi,3Sg,NA,Neu,Pos,agaasaakozid,
VAI,?,VAI_V,agaasaakozi,agaasaakozi,3Sg,NA,Neu,Pos,egaasaakozid,
VII,Ind,VII_d,agaasaakwad,agaasaakwad,0Sg,NA,Neu,Pos,agaasaakwad,
VII,Cnj,VII_d,agaasaakwad,agaasaakwad,0Sg,NA,Neu,Pos,agaasaakwak,
VII,?,VII_d,agaasaakwad,agaasaakwad,0Sg,NA,Neu,Pos,egaasaakwak,
VII,Ind,VII_d,agaasaakwashkad,agaasaakwashkad,0Sg,NA,Neu,Pos,agaasaakwashkad,
VII,Cnj,VII_d,agaasaakwashkad,agaasaakwashkad,0Sg,NA,Neu,Pos,agaasaakwashkak,
VII,?,VII_d,agaasaakwashkad,agaasaakwashkad,0Sg,NA,Neu,Pos,egaasaakwashkak,
VAI,Ind,VAI_V,agaasaakwaanowe,agaasaakwaanowe,3Sg,NA,Neu,Pos,agaasaakwaanowe,
VAI,Cnj,VAI_V,agaasaakwaanowe,agaasaakwaanowe,3Sg,NA,Neu,Pos,agaasaakwaanowed,
VAI,?,VAI_V,agaasaakwaanowe,agaasaakwaanowe,3Sg,NA,Neu,Pos,egaasaakwaanowed,
VAI,Ind,VAI_V,agaasaakwaanowe,agaasaakwaanowe,3Sg,NA,Neu,Pos,agaasaakwaanowe,
VAI,Cnj,VAI_V,agaasaakwaanowe,agaasaakwaanowe,3Sg,NA,Neu,Pos,agaasaakwaanowed,
VAI,Ind,VAI_V,agaasaanowe,agaasaanowe,3Sg,NA,Neu,Pos,agaasaanowe,
VAI,Cnj,VAI_V,agaasaanowe,agaasaanowe,3Sg,NA,Neu,Pos,agaasaanowed,
VAI,?,VAI_V,agaasaanowe,agaasaanowe,3Sg,NA,Neu,Pos,egaasaanowed,
VTI,Ind,VTI_oo,agaasaatoon,agaasaat,1Sg,0Sg,Neu,Pos,indagaasaatoon,
VTI,Ind,VTI_oo,agaasaatoon,agaasaat,1Sg,0Sg,Neu,Pos,nindagaasaatoon,
VTI,Ind,VTI_oo,agaasaatoon,agaasaat,1Sg,0Sg,Neu,Pos,nidagaasaatoon,
VTI,Ind,VTI_oo,agaasaatoon,agaasaat,3Sg,0Sg,Neu,Pos,odagaasaatoon,
VTI,Cnj,VTI_oo,agaasaatoon,agaasaat,3Sg,0,Neu,Pos,agaasaatood,
VTI,?,VTI_oo,agaasaatoon,agaasaat,3Sg,0,Neu,Pos,egaasaatood,
VTI,Imp,VTI_oo,agaasaatoon,agaasaat,2Sg,0,Neu,Pos,agaasaatoon,
VTI,Ind,VTI_am,agaasendan,agaasend,1Sg,0Sg,Neu,Pos,indagaasendaan,
